,price,sqfeet,beds,baths,cats_allowed,dogs_allowed,smoking_allowed,wheelchair_access,electric_vehicle_charge,comes_furnished,laundry_options,parking_options,lat,long,region
80565,2910.0,1500.0,3.0,2.0,1,1,0,0,0,0,w/d in unit,street parking,41.8962,-87.6685,9.0
80776,1200.0,800.0,2.0,1.0,1,0,1,0,0,0,unknown,unknown,41.9019,-87.6779,9.0
80885,2600.0,715.0,1.0,1.0,1,1,0,1,0,0,w/d in unit,attached garage,41.9039,-87.6346,1.0
80893,2100.0,565.0,0.0,1.0,1,1,0,1,0,0,w/d in unit,attached garage,41.9039,-87.6346,1.0
81255,1873.0,547.0,0.0,1.0,1,1,0,1,0,0,w/d in unit,attached garage,41.8967,-87.62700000000002,1.0
81487,2610.0,837.0,1.0,1.0,1,1,0,1,0,0,w/d in unit,attached garage,41.8793,-87.6471,4.0
81530,2298.0,682.0,1.0,1.0,1,1,0,1,0,0,w/d in unit,attached garage,41.8793,-87.6471,4.0
81621,1819.0,565.0,0.0,1.0,1,1,0,1,0,0,w/d in unit,attached garage,41.8793,-87.6471,4.0
82890,1100.0,950.0,2.0,1.0,0,1,1,0,0,0,laundry in bldg,street parking,41.9453,-87.7474,8.0
83017,1000.0,750.0,2.0,1.0,0,0,1,0,0,0,unknown,unknown,41.9017,-87.7249,3.0
83441,1950.0,750.0,1.0,1.0,0,1,0,1,0,0,laundry in bldg,valet parking,41.9303,-87.6396,5.0
83670,1800.0,775.0,2.0,1.0,1,1,1,0,0,0,laundry in bldg,off-street parking,41.8943,-87.6657,9.0
84248,2400.0,1700.0,2.0,1.0,1,1,1,0,0,0,laundry in bldg,detached garage,41.9257,-87.7121,3.0
86175,960.0,600.0,1.0,1.0,1,0,0,0,0,0,laundry in bldg,off-street parking,42.0107,-87.6629,6.0
87703,2034.0,523.0,0.0,1.0,1,1,0,1,0,0,w/d in unit,attached garage,41.89,-87.6218,1.0
89221,901.0,700.0,1.0,1.0,1,0,1,0,0,0,laundry in bldg,off-street parking,41.6592,-87.5384,11.0
89266,1950.0,1200.0,2.0,1.0,1,1,1,0,0,0,laundry in bldg,street parking,41.9354,-87.6548,5.0
89273,2600.0,1350.0,3.0,2.0,0,0,1,0,0,0,laundry in bldg,unknown,41.9548,-87.6455,5.0
89321,1150.0,850.0,1.0,1.0,1,0,1,0,0,0,unknown,unknown,41.9833,-87.6897,0.0
89397,2200.0,820.0,1.0,1.0,1,1,1,0,0,0,w/d in unit,unknown,41.8925,-87.6299,1.0
89407,1800.0,1050.0,2.0,1.0,1,0,1,0,0,0,laundry in bldg,street parking,41.911,-87.6413,1.0
89429,1195.0,600.0,0.0,1.0,0,0,1,0,0,0,laundry in bldg,unknown,41.9309,-87.7105,3.0
89436,1500.0,1100.0,2.0,1.0,1,1,1,0,0,0,w/d in unit,unknown,41.9191,-87.7154,3.0
89469,1900.0,1700.0,3.0,1.0,1,0,0,0,0,0,laundry on site,street parking,41.9506,-87.6522,5.0
89595,1800.0,1100.0,2.0,1.0,1,1,1,0,0,0,w/d in unit,off-street parking,41.9008,-87.6528,1.0
89618,1936.0,700.0,1.0,1.0,1,1,0,1,0,0,w/d in unit,attached garage,41.8912,-87.6223,1.0
89646,2600.0,1100.0,3.0,2.5,1,1,1,0,0,0,unknown,attached garage,41.9209,-87.7043,3.0
89666,1775.0,1400.0,2.0,1.0,1,1,0,0,0,0,laundry in bldg,detached garage,41.9762,-87.6635,0.0
89680,1495.0,800.0,1.0,1.0,0,0,0,0,0,0,laundry in bldg,valet parking,41.9454,-87.6713,5.0
89682,2350.0,865.0,1.0,1.0,0,0,1,0,0,0,w/d in unit,attached garage,41.8859,-87.6428,1.0
89683,1395.0,600.0,1.0,1.0,0,0,0,0,0,0,laundry in bldg,detached garage,41.9008,-87.6528,1.0
89687,2000.0,750.0,1.0,1.0,0,0,0,0,0,0,laundry in bldg,attached garage,41.9127,-87.6336,1.0
89690,2995.0,1121.0,2.0,2.0,1,1,1,0,0,0,w/d in unit,attached garage,41.8804,-87.6533,4.0
89691,1650.0,1200.0,2.0,1.0,1,1,1,0,0,0,laundry in bldg,street parking,41.9019,-87.6779,9.0
89693,960.0,625.0,1.0,1.0,0,0,1,0,0,0,laundry in bldg,detached garage,42.0127,-87.6642,6.0
89694,2600.0,1400.0,3.0,2.0,1,1,1,0,0,0,w/d in unit,off-street parking,41.9105,-87.6727,9.0
89696,1350.0,1000.0,2.0,1.0,0,0,0,0,0,0,laundry in bldg,off-street parking,41.8308,-87.645,7.0
89697,1595.0,680.0,1.0,1.0,1,1,1,0,0,0,w/d in unit,off-street parking,41.9616,-87.6726,0.0
89704,1550.0,590.0,1.0,1.0,1,0,1,0,0,0,w/d in unit,attached garage,41.9399,-87.6528,5.0
89705,2500.0,1400.0,3.0,1.5,1,1,0,0,0,0,w/d in unit,detached garage,41.8911,-87.6607,9.0
89708,900.0,1000.0,2.0,1.0,1,1,1,1,0,0,unknown,street parking,41.8844,-87.7493,3.0
89709,1575.0,623.0,1.0,1.0,1,1,1,0,0,0,w/d in unit,street parking,41.9537,-87.6548,5.0
89712,1648.0,589.0,0.0,1.0,1,1,1,0,0,0,unknown,valet parking,41.8882,-87.6224,1.0
89713,1595.0,1200.0,3.0,1.0,1,1,1,0,0,0,laundry in bldg,unknown,41.9966,-87.6633,6.0
89716,2595.0,1000.0,2.0,2.0,1,1,1,0,0,1,w/d in unit,unknown,41.8859,-87.6544,4.0
89719,1490.0,400.0,0.0,1.0,1,1,0,1,0,0,laundry in bldg,attached garage,41.9033,-87.6336,1.0
89720,1700.0,1400.0,2.0,1.0,1,0,1,0,0,0,laundry in bldg,detached garage,41.9569,-87.6649,0.0
89721,1600.0,1400.0,2.0,1.0,1,0,1,0,0,0,laundry in bldg,street parking,41.9625,-87.6634,0.0
89724,2550.0,1200.0,2.0,1.0,0,1,1,0,0,0,laundry in bldg,detached garage,41.9058,-87.6836,9.0
89726,1225.0,600.0,1.0,1.0,1,1,1,0,0,0,laundry in bldg,no parking,41.9756,-87.6553,0.0
89729,850.0,400.0,0.0,1.0,1,0,1,0,0,0,laundry in bldg,unknown,41.9982,-87.6682,6.0
89730,2195.0,1167.0,2.0,2.0,1,0,1,0,0,0,w/d in unit,no parking,41.9391,-87.6566,5.0
89732,950.0,900.0,2.0,1.0,0,0,1,0,0,0,laundry in bldg,street parking,41.89,-87.7064,3.0
89733,1500.0,1200.0,2.0,1.0,1,1,1,0,0,0,laundry in bldg,street parking,41.9253,-87.7243,3.0
89734,2675.0,1500.0,2.0,2.0,1,1,1,0,0,0,w/d in unit,unknown,41.9248,-87.6914,3.0
89735,1650.0,800.0,2.0,1.0,1,1,1,0,0,0,laundry in bldg,street parking,41.927,-87.6682,5.0
89736,1550.0,590.0,1.0,1.0,1,0,1,0,0,0,laundry in bldg,attached garage,41.9389,-87.6614,5.0
89740,2750.0,1044.0,2.0,2.0,1,1,1,1,1,0,w/d in unit,attached garage,41.9468,-87.6552,5.0
89743,2200.0,2300.0,4.0,2.0,1,0,0,0,0,0,w/d in unit,street parking,41.9506,-87.6522,5.0
89744,1850.0,1500.0,3.0,1.0,1,0,0,0,0,0,laundry on site,street parking,41.9513,-87.6562,5.0
89745,2500.0,1450.0,3.0,2.0,1,1,0,0,0,0,w/d in unit,off-street parking,41.9209,-87.7043,3.0
89746,1545.0,607.0,1.0,1.0,1,0,1,0,0,0,laundry in bldg,attached garage,41.9399,-87.6528,5.0
89758,1297.0,900.0,2.0,1.0,1,1,0,0,0,0,w/d in unit,street parking,41.8966,-87.68700000000003,9.0
89762,1597.0,1000.0,2.0,1.0,1,1,0,0,0,0,w/d in unit,street parking,41.9183,-87.6402,1.0
89780,2485.0,1125.0,2.0,2.0,1,1,0,1,0,0,w/d in unit,attached garage,41.8536,-87.6221,4.0
89782,2550.0,1160.0,2.0,2.0,1,1,0,1,0,0,w/d in unit,attached garage,41.8536,-87.6221,4.0
89784,1820.0,767.0,1.0,1.0,1,1,0,1,0,0,w/d in unit,attached garage,41.8536,-87.6221,4.0
89785,2827.0,1100.0,2.0,2.0,1,1,1,1,1,0,w/d in unit,attached garage,41.8909,-87.6347,1.0
89786,1550.0,1600.0,3.0,1.0,1,0,1,0,0,0,laundry on site,detached garage,41.9217,-87.7106,3.0
89787,1550.0,1200.0,2.0,1.0,1,1,1,0,0,0,w/d in unit,off-street parking,41.9019,-87.6779,9.0
89790,2095.0,750.0,1.0,1.0,0,0,1,0,0,1,laundry in bldg,unknown,41.8923,-87.6373,1.0
89793,1400.0,500.0,0.0,1.0,1,1,1,1,0,0,laundry in bldg,attached garage,41.8878,-87.6215,1.0
89794,1800.0,1500.0,3.0,1.0,0,0,0,0,0,0,w/d in unit,unknown,41.8984,-87.6895,9.0
89795,3000.0,2500.0,3.0,2.5,0,1,1,0,0,0,w/d in unit,unknown,41.8943,-87.6657,9.0
89796,1800.0,1500.0,3.0,1.5,0,1,1,0,0,0,w/d in unit,off-street parking,41.9102,-87.697,3.0
89797,1600.0,1000.0,2.0,1.0,0,1,1,0,0,0,w/d in unit,off-street parking,41.9058,-87.6971,3.0
89799,2400.0,1450.0,2.0,2.0,1,1,1,0,0,0,w/d in unit,attached garage,41.9656,-87.6614,0.0
89800,1575.0,1100.0,2.0,1.0,1,0,1,0,0,0,laundry on site,street parking,41.9019,-87.6773,9.0
89804,1650.0,855.0,1.0,1.0,1,1,0,0,0,0,laundry in bldg,no parking,41.9181,-87.6523,5.0
89805,1125.0,650.0,1.0,1.0,1,0,1,0,0,0,laundry in bldg,unknown,41.9858,-87.6556,6.0
89807,1545.0,607.0,1.0,1.0,1,0,1,0,0,0,laundry in bldg,attached garage,41.9399,-87.6528,5.0
89811,1600.0,1200.0,2.0,1.0,1,1,0,0,0,0,w/d in unit,off-street parking,41.799,-87.6038,7.0
89814,2000.0,2000.0,3.0,2.0,0,0,0,0,0,0,laundry in bldg,detached garage,41.8011,-87.6057,7.0
89815,900.0,1400.0,2.0,1.0,0,0,0,0,0,0,no laundry on site,street parking,41.8772,-87.725,3.0
89816,995.0,500.0,0.0,1.0,1,1,0,0,0,0,laundry on site,street parking,41.9568,-87.6765,0.0
89817,1450.0,557.0,1.0,1.0,0,0,0,0,0,0,laundry in bldg,street parking,41.9017,-87.6673,9.0
89819,2725.0,1113.0,1.0,1.5,1,1,0,1,0,0,w/d in unit,valet parking,41.9258,-87.6363,5.0
89820,950.0,600.0,0.0,1.0,1,1,1,0,0,0,laundry in bldg,street parking,41.9617,-87.6762,0.0
89821,1870.0,690.0,1.0,1.0,1,1,0,1,0,0,laundry in bldg,valet parking,41.9258,-87.6363,5.0
89822,1300.0,1300.0,3.0,1.0,0,0,1,0,0,0,laundry in bldg,unknown,41.9453,-87.7474,8.0
89823,1900.0,661.0,1.0,1.0,1,1,0,0,0,0,laundry in bldg,valet parking,41.9258,-87.6363,5.0
89824,1610.0,530.0,0.0,1.0,1,1,0,1,0,0,laundry in bldg,valet parking,41.9256,-87.6367,5.0
89825,1600.0,1154.0,3.0,1.0,0,0,0,0,0,0,unknown,street parking,41.9398,-87.7382,8.0
89826,2400.0,850.0,1.0,1.0,1,1,1,0,0,0,w/d in unit,attached garage,41.8818,-87.6502,4.0
89829,1050.0,800.0,1.0,1.0,1,0,1,0,0,0,laundry in bldg,unknown,41.9726,-87.6789,0.0
89831,1750.0,1300.0,3.0,1.0,1,1,0,0,0,0,laundry in bldg,detached garage,41.9588,-87.6791,0.0
89833,1350.0,980.0,2.0,1.0,1,1,1,0,0,0,w/d in unit,carport,41.9782,-87.6809,0.0
89834,1075.0,425.0,0.0,1.0,1,1,1,0,0,0,laundry in bldg,street parking,41.9229,-87.6483,5.0
89836,1500.0,1650.0,2.0,2.0,1,1,1,0,0,0,w/d in unit,detached garage,41.7618,-87.5587,11.0
89837,1425.0,700.0,1.0,1.0,1,1,1,0,0,0,laundry in bldg,off-street parking,41.9229,-87.6483,5.0
89838,1800.0,1000.0,2.0,1.0,0,0,0,0,0,0,laundry in bldg,street parking,41.9104,-87.6837,9.0
89839,1500.0,1200.0,2.0,1.0,1,0,0,0,0,0,laundry in bldg,street parking,41.9857,-87.6688,6.0
89840,1500.0,1200.0,3.0,1.0,1,1,1,0,0,0,laundry in bldg,street parking,41.9543,-87.6575,5.0
89841,1500.0,950.0,2.0,1.0,1,1,1,0,0,0,laundry in bldg,off-street parking,41.9399,-87.6528,5.0
89843,1000.0,425.0,0.0,1.0,1,0,1,0,0,0,laundry in bldg,off-street parking,41.938,-87.6433,5.0
89845,2150.0,850.0,1.0,1.0,0,1,1,0,0,0,w/d in unit,off-street parking,41.9033,-87.6336,1.0
89846,1050.0,850.0,3.0,1.0,1,0,1,0,0,0,laundry in bldg,street parking,41.8097,-87.6533,7.0
89848,1250.0,650.0,1.0,1.0,1,0,1,0,0,0,w/d in unit,street parking,41.8269,-87.6412,7.0
89850,1115.0,600.0,0.0,1.0,1,1,1,0,0,0,laundry in bldg,street parking,41.9412,-87.6447,5.0
89852,1500.0,800.0,1.0,1.0,1,1,0,0,0,0,laundry in bldg,street parking,41.9543,-87.6575,5.0
89856,1550.0,700.0,1.0,1.0,1,0,0,0,0,0,w/d in unit,street parking,41.913,-87.6753,9.0
89858,2200.0,1650.0,4.0,2.0,1,1,0,0,0,0,w/d in unit,detached garage,41.9309,-87.7245,3.0
89859,1250.0,450.0,1.0,1.0,1,1,1,0,0,0,laundry on site,street parking,41.9408,-87.6567,5.0
89861,1200.0,900.0,2.0,1.0,0,0,1,0,0,0,no laundry on site,carport,41.9178,-87.7314,3.0
89864,2380.0,860.0,1.0,1.0,1,1,1,1,1,1,w/d in unit,attached garage,41.8915,-87.6148,1.0
89866,2000.0,1800.0,2.0,1.0,0,0,0,0,0,0,laundry on site,street parking,41.9468,-87.6867,0.0
89867,1300.0,550.0,0.0,1.0,0,0,1,0,0,0,laundry in bldg,attached garage,41.91,-87.6316,1.0
89868,2500.0,953.0,2.0,2.0,0,0,1,0,0,0,w/d in unit,attached garage,41.8713,-87.6277,4.0
89869,2500.0,1600.0,3.0,1.0,1,1,0,0,0,0,w/d in unit,detached garage,41.9509,-87.6849,0.0
89870,1500.0,850.0,2.0,1.0,1,1,1,0,0,0,w/d in unit,off-street parking,41.8967,-87.6909,9.0
89876,1995.0,1700.0,3.0,2.0,1,1,1,0,0,0,w/d in unit,detached garage,41.9158,-87.7104,3.0
89878,1950.0,1200.0,3.0,2.0,1,1,0,0,0,0,laundry in bldg,off-street parking,41.9625,-87.6599,0.0
89879,650.0,680.0,1.0,1.0,0,0,1,0,0,0,unknown,unknown,41.7305,-87.6518,11.0
89882,1500.0,1000.0,2.0,1.0,1,0,1,0,0,0,laundry in bldg,street parking,41.8724,-87.6642,4.0
89885,995.0,800.0,1.0,1.0,0,0,0,0,0,0,laundry in bldg,off-street parking,41.8303,-87.6831,2.0
89886,1400.0,500.0,0.0,1.0,0,0,1,0,0,0,laundry in bldg,attached garage,41.9229,-87.6483,5.0
89889,2100.0,1400.0,2.0,2.0,0,0,0,0,0,0,w/d in unit,detached garage,41.8967,-87.6796,9.0
89894,1495.0,750.0,1.0,1.0,1,1,1,0,0,0,w/d in unit,off-street parking,41.9852,-87.6733,6.0
89898,1400.0,770.0,1.0,1.0,0,0,0,0,0,0,laundry in bldg,unknown,41.9148,-87.6358,1.0
89903,995.0,750.0,1.0,1.0,0,0,0,0,0,0,laundry on site,street parking,41.9123,-87.7058,3.0
89904,875.0,1000.0,2.0,1.5,0,0,0,0,0,0,unknown,street parking,41.8771,-87.7255,3.0
89905,1470.0,545.0,0.0,1.0,1,0,0,0,0,0,laundry in bldg,attached garage,41.9031,-87.6301,1.0
89907,875.0,1000.0,2.0,1.5,0,0,0,0,0,0,unknown,street parking,41.8771,-87.7255,3.0
89908,1450.0,1100.0,3.0,1.5,0,0,0,0,0,0,laundry on site,street parking,41.8272,-87.6367,7.0
89910,1757.0,757.0,1.0,1.0,1,1,0,1,0,0,laundry in bldg,no parking,41.8984,-87.6204,1.0
89911,1735.0,665.0,1.0,1.0,1,1,0,1,0,0,laundry in bldg,off-street parking,41.8984,-87.6243,1.0
89912,1505.0,447.0,0.0,1.0,1,1,0,1,0,0,laundry in bldg,off-street parking,41.8984,-87.6243,1.0
89914,1250.0,650.0,2.0,1.0,1,1,1,0,0,0,w/d in unit,detached garage,41.9523,-87.6873,0.0
89915,1800.0,1300.0,3.0,1.0,1,1,1,0,0,0,w/d in unit,detached garage,41.9523,-87.6873,0.0
89916,1470.0,1350.0,3.0,1.0,1,1,0,0,0,0,w/d in unit,off-street parking,41.9648,-87.7054,0.0
89920,995.0,800.0,1.0,1.0,0,0,0,0,0,0,laundry in bldg,off-street parking,41.8303,-87.6831,2.0
89922,2900.0,1200.0,2.0,2.0,0,0,0,0,0,0,w/d in unit,attached garage,41.8948,-87.6397,1.0
89923,1900.0,1100.0,2.0,2.0,0,0,1,0,0,0,laundry in bldg,no parking,41.9414,-87.6738,5.0
89924,2100.0,1500.0,3.0,1.0,0,0,1,0,0,0,laundry in bldg,off-street parking,41.9384,-87.6464,5.0
89925,1200.0,1000.0,2.0,1.0,1,1,0,0,0,0,laundry in bldg,street parking,42.0151,-87.6825,6.0
89926,1095.0,400.0,0.0,1.0,1,0,1,0,0,0,laundry in bldg,street parking,41.9282,-87.7094,3.0
89927,1490.0,900.0,2.0,1.0,0,0,1,0,0,0,laundry in bldg,unknown,41.8489,-87.6357,4.0
89928,1325.0,1000.0,2.0,1.0,1,0,0,0,0,0,laundry in bldg,detached garage,41.9504,-87.6886,0.0
89931,1025.0,1000.0,2.0,1.0,0,0,0,0,0,0,unknown,street parking,41.784,-87.7363,2.0
89932,2567.0,1085.0,2.0,2.0,1,1,0,1,1,0,w/d in unit,attached garage,41.953,-87.6493,5.0
89934,999.0,700.0,2.0,1.0,1,1,0,0,0,0,laundry in bldg,street parking,41.9317,-87.72200000000002,3.0
89935,2010.0,1000.0,2.0,1.0,1,0,0,0,0,0,w/d in unit,street parking,41.9528,-87.6657,5.0
89937,2205.0,769.0,1.0,1.0,0,0,1,0,0,0,unknown,unknown,41.8668,-87.6241,4.0
89938,2100.0,1800.0,3.0,2.0,1,1,1,0,0,0,laundry in bldg,off-street parking,41.9332,-87.6783,5.0
89939,1200.0,1200.0,2.0,1.0,0,0,0,0,0,0,w/d in unit,street parking,41.8265,-87.6449,7.0
89940,1050.0,1000.0,3.0,1.0,1,1,1,0,0,0,w/d in unit,street parking,41.8515,-87.6694,4.0
89944,2780.0,1460.0,3.0,2.5,1,1,0,0,0,0,w/d in unit,attached garage,41.8657,-87.6242,4.0
89947,1967.0,922.0,1.0,1.0,1,1,0,0,0,0,laundry in bldg,attached garage,41.8942,-87.6179,1.0
89948,1450.0,1100.0,3.0,1.5,0,0,0,0,0,0,laundry on site,street parking,41.8272,-87.6367,7.0
89950,1450.0,1100.0,3.0,1.5,0,0,0,0,0,0,laundry on site,street parking,41.8272,-87.6367,7.0
89952,1792.0,800.0,1.0,1.0,1,0,0,0,0,0,laundry in bldg,attached garage,41.9031,-87.6301,1.0
89953,1725.0,1050.0,3.0,1.0,0,0,1,0,0,0,laundry in bldg,street parking,41.947,-87.6783,0.0
89954,1400.0,1250.0,2.0,1.0,0,0,1,0,0,0,laundry in bldg,street parking,41.9506,-87.6667,5.0
89955,1560.0,1250.0,1.0,2.0,1,0,1,0,0,0,laundry in bldg,street parking,41.9509,-87.6784,0.0
89956,1650.0,1000.0,1.0,1.0,1,0,1,0,0,0,unknown,unknown,41.9782,-87.6657,0.0
89957,1200.0,900.0,1.0,1.0,0,0,1,0,0,0,no laundry on site,unknown,41.9464,-87.7042,3.0
89958,2318.0,958.0,2.0,2.0,1,1,0,0,0,0,w/d in unit,attached garage,41.8713,-87.6277,4.0
89960,1806.0,658.0,1.0,1.0,1,1,0,0,0,0,w/d in unit,attached garage,41.9033,-87.6336,1.0
89962,1670.0,538.0,0.0,1.0,1,1,0,0,0,0,w/d in unit,attached garage,41.9033,-87.6336,1.0
89963,2750.0,1800.0,2.0,2.0,1,0,1,0,0,0,w/d in unit,unknown,41.9229,-87.6483,5.0
89964,2431.0,930.0,2.0,1.0,0,0,1,0,0,0,w/d in unit,unknown,41.8814,-87.64299999999999,4.0
89965,1750.0,850.0,2.0,1.0,0,0,0,0,0,0,laundry on site,street parking,41.8724,-87.6626,4.0
89966,1700.0,1200.0,2.0,1.0,1,1,0,0,0,0,laundry in bldg,street parking,41.903,-87.7002,3.0
89967,1295.0,400.0,0.0,1.0,1,1,1,0,0,0,w/d in unit,street parking,41.9345,-87.6517,5.0
89968,2174.0,770.0,1.0,1.0,1,1,0,0,0,0,w/d in unit,attached garage,41.8947,-87.6416,1.0
89970,2200.0,780.0,1.0,1.0,1,0,0,0,0,0,laundry in bldg,attached garage,41.9115,-87.6348,1.0
89975,3350.0,1990.0,4.0,3.0,0,0,1,0,0,0,laundry in bldg,unknown,41.9462,-87.6422,5.0
89977,1200.0,1400.0,2.0,1.0,0,0,0,0,0,0,no laundry on site,detached garage,41.8465,-87.7637,2.0
89978,1977.0,819.0,1.0,1.0,1,1,0,0,0,0,w/d in unit,attached garage,41.9085,-87.6495,1.0
89980,1625.0,650.0,1.0,1.0,1,1,1,0,0,0,laundry in bldg,street parking,41.9399,-87.6528,5.0
89981,1650.0,700.0,1.0,1.0,1,1,1,0,0,0,laundry in bldg,street parking,41.9033,-87.6336,1.0
89982,1395.0,900.0,2.0,1.0,1,1,1,0,0,0,laundry in bldg,street parking,41.9209,-87.7043,3.0
89983,1350.0,745.0,2.0,1.0,1,0,1,0,0,0,laundry in bldg,street parking,41.9543,-87.6575,5.0
89984,1575.0,700.0,1.0,1.0,1,1,1,0,0,0,laundry in bldg,street parking,41.9033,-87.6336,1.0
89986,2100.0,1400.0,2.0,2.0,0,0,0,0,0,0,w/d in unit,detached garage,41.8967,-87.6796,9.0
89990,1295.0,600.0,1.0,1.0,0,0,0,0,0,0,laundry in bldg,street parking,41.9052,-87.6646,9.0
89993,2750.0,1800.0,2.0,2.0,1,0,1,0,0,0,w/d in unit,unknown,41.9307,-87.6625,5.0
89995,2850.0,1108.0,2.0,2.0,0,0,1,0,0,0,laundry on site,attached garage,41.8923,-87.6373,1.0
89996,1225.0,750.0,1.0,1.0,1,1,1,0,0,0,laundry in bldg,street parking,41.9756,-87.6553,0.0
89997,1650.0,1000.0,2.0,1.0,1,1,1,0,0,0,laundry on site,unknown,41.9206,-87.7017,3.0
89998,1600.0,1400.0,3.0,1.5,0,0,0,0,0,0,laundry in bldg,street parking,41.9699,-87.7603,8.0
90004,1850.0,1600.0,4.0,2.0,1,1,1,0,0,0,unknown,carport,41.8196,-87.6126,7.0
90006,1575.0,623.0,1.0,1.0,1,1,1,0,0,0,w/d in unit,street parking,41.9537,-87.6548,5.0
90007,1800.0,1500.0,3.0,1.0,0,0,0,0,0,0,w/d in unit,unknown,41.8984,-87.6895,9.0
90008,3000.0,2500.0,3.0,2.5,0,1,1,0,0,0,w/d in unit,unknown,41.8943,-87.6657,9.0
90009,1800.0,1500.0,3.0,1.5,0,1,1,0,0,0,w/d in unit,off-street parking,41.9102,-87.697,3.0
90010,1600.0,1000.0,2.0,1.0,0,1,1,0,0,0,w/d in unit,off-street parking,41.9058,-87.6971,3.0
90011,2350.0,824.0,2.0,1.0,1,1,1,0,0,0,w/d in unit,street parking,41.9537,-87.6548,5.0
90012,850.0,1000.0,2.0,1.0,0,0,1,0,1,0,w/d hookups,off-street parking,41.7484,-87.5491,11.0
90013,2000.0,1600.0,3.0,2.0,0,0,0,0,0,0,w/d in unit,unknown,41.9544,-87.6922,0.0
90015,995.0,500.0,2.0,1.0,1,1,0,0,0,0,laundry in bldg,off-street parking,41.8595,-87.6577,4.0
90016,1250.0,750.0,2.0,1.0,0,0,1,0,0,0,laundry in bldg,detached garage,42.0086,-87.6947,6.0
90017,2950.0,2400.0,5.0,2.0,1,1,1,0,0,0,w/d in unit,detached garage,41.9745,-87.6652,0.0
90019,1375.0,500.0,0.0,1.0,1,1,1,0,0,0,laundry in bldg,street parking,41.9079,-87.6303,1.0
90022,1725.0,1200.0,2.0,2.0,1,1,0,0,0,0,w/d in unit,detached garage,42.0079,-87.6709,6.0
90023,1300.0,900.0,2.0,1.0,1,1,1,0,0,0,laundry in bldg,street parking,41.899,-87.6835,9.0
90024,1550.0,700.0,1.0,1.0,0,0,0,0,0,0,w/d in unit,street parking,41.9719,-87.6624,0.0
90026,3170.0,982.0,1.0,1.0,1,1,0,1,0,0,w/d in unit,attached garage,41.8845,-87.631,1.0
90027,2315.0,677.0,1.0,1.0,1,1,0,1,0,0,w/d in unit,attached garage,41.8845,-87.634,1.0
90028,1880.0,592.0,0.0,1.0,1,1,0,1,0,0,w/d in unit,attached garage,41.8845,-87.634,1.0
90029,1800.0,1200.0,3.0,2.0,1,1,0,0,0,0,laundry in bldg,detached garage,42.0151,-87.6825,6.0
90030,1300.0,1100.0,2.0,1.0,0,0,0,0,0,0,laundry in bldg,street parking,41.9701,-87.7434,8.0
90031,2400.0,1200.0,3.0,1.0,1,0,1,0,0,0,laundry in bldg,street parking,41.9272,-87.6513,5.0
90032,2390.0,695.0,1.0,1.0,1,1,1,1,1,1,w/d in unit,attached garage,41.8851,-87.6246,1.0
90033,1200.0,900.0,2.0,1.0,0,0,1,0,0,0,no laundry on site,street parking,41.9356,-87.7748,8.0
90034,1150.0,975.0,2.0,1.0,0,0,0,0,0,0,laundry in bldg,street parking,41.7781,-87.7069,2.0
90036,1000.0,400.0,1.0,1.0,0,0,0,0,0,0,laundry in bldg,street parking,41.8574,-87.6548,4.0
90037,900.0,600.0,1.0,1.0,1,0,1,0,0,0,laundry in bldg,off-street parking,41.7988,-87.7431,2.0
90038,1850.0,1000.0,2.0,1.0,0,0,1,0,0,0,laundry in bldg,off-street parking,41.8974,-87.6894,9.0
90039,1977.0,830.0,1.0,1.0,1,1,1,1,1,0,w/d in unit,attached garage,41.8917,-87.6283,1.0
90041,900.0,700.0,1.0,1.0,0,0,1,0,0,0,no laundry on site,street parking,41.8912,-87.7555,3.0
90045,800.0,600.0,0.0,1.0,0,0,0,0,0,0,laundry in bldg,street parking,41.983,-87.7707,8.0
90046,1670.0,700.0,0.0,1.0,1,1,1,1,0,0,laundry in bldg,off-street parking,41.907,-87.6346,1.0
90050,897.0,700.0,1.0,1.0,0,0,0,0,0,0,w/d in unit,off-street parking,41.8689,-87.6861,9.0
90054,2500.0,1400.0,3.0,2.0,0,0,1,0,0,0,laundry in bldg,off-street parking,41.8989,-87.6625,9.0
90057,1500.0,1500.0,3.0,1.0,0,0,1,0,0,0,no laundry on site,off-street parking,41.9685,-87.7087,0.0
90058,3000.0,2000.0,2.0,2.0,0,1,1,0,0,0,w/d in unit,attached garage,41.9188,-87.6988,3.0
90061,1300.0,830.0,3.0,1.0,1,1,1,0,0,0,unknown,detached garage,41.9343,-87.7075,3.0
90064,825.0,400.0,0.0,1.0,1,0,1,0,0,0,laundry in bldg,street parking,41.9691,-87.6647,0.0
90065,850.0,600.0,0.0,1.0,1,0,0,0,0,0,laundry in bldg,street parking,41.9958,-87.6738,6.0
90066,950.0,400.0,0.0,1.0,0,0,1,0,0,0,laundry in bldg,street parking,41.9734,-87.6781,0.0
90067,1225.0,750.0,1.0,1.0,1,1,1,0,0,0,laundry in bldg,street parking,41.9756,-87.6553,0.0
90068,1750.0,700.0,1.0,1.0,1,1,0,0,0,0,laundry in bldg,street parking,41.9169,-87.637,1.0
90069,1150.0,600.0,1.0,1.0,1,0,1,0,0,0,laundry in bldg,street parking,41.9686,-87.6977,0.0
90070,1750.0,700.0,1.0,1.0,1,1,0,0,0,0,laundry in bldg,street parking,41.9169,-87.637,1.0
90071,1800.0,750.0,1.0,1.0,1,0,0,0,0,0,w/d in unit,no parking,41.8808,-87.6279,4.0
90073,1750.0,1500.0,2.0,1.0,0,0,0,0,0,0,w/d in unit,street parking,41.8934,-87.6629,9.0
90075,1695.0,850.0,3.0,1.0,1,1,1,0,0,0,laundry in bldg,street parking,41.9424,-87.6786,0.0
90077,1700.0,1000.0,3.0,1.0,1,1,0,0,0,0,laundry in bldg,carport,41.9307,-87.6684,5.0
90078,2950.0,1200.0,2.0,2.0,1,1,1,0,0,0,w/d in unit,street parking,41.8982,-87.6796,9.0
90079,2950.0,1200.0,2.0,2.0,1,1,1,0,0,0,w/d in unit,street parking,41.8982,-87.6796,9.0
90080,1845.0,714.0,1.0,1.0,1,1,1,1,1,0,w/d in unit,attached garage,41.9529,-87.6498,5.0
90081,2595.0,900.0,1.0,1.0,0,0,1,0,0,0,w/d in unit,attached garage,41.8802,-87.6485,4.0
90082,1375.0,1000.0,1.0,1.0,0,0,0,0,0,0,laundry in bldg,street parking,41.9551,-87.6823,0.0
90083,1540.0,600.0,1.0,1.0,1,1,1,0,0,0,w/d in unit,street parking,41.9719,-87.6624,0.0
90086,2595.0,900.0,1.0,1.0,0,0,1,0,0,0,w/d in unit,attached garage,41.8802,-87.6485,4.0
90088,1300.0,1000.0,1.0,1.0,0,0,1,0,0,0,w/d in unit,unknown,41.9531,-87.6693,0.0
90096,2000.0,1150.0,2.0,1.0,1,1,1,0,0,0,w/d in unit,carport,41.9371,-87.7022,3.0
90099,1550.0,600.0,1.0,1.0,1,1,0,0,0,0,laundry in bldg,street parking,41.9135,-87.6389,1.0
90100,2950.0,1200.0,2.0,2.0,1,1,1,0,0,0,w/d in unit,street parking,41.9135,-87.6389,1.0
90102,920.0,450.0,0.0,1.0,0,0,1,0,0,0,laundry in bldg,street parking,41.962,-87.6807,0.0
90104,2700.0,1600.0,3.0,2.5,1,1,1,0,0,0,w/d in unit,off-street parking,41.8951,-87.6722,9.0
90105,2100.0,1250.0,2.0,2.0,1,1,1,0,0,0,w/d in unit,detached garage,41.9852,-87.6604,6.0
90110,1050.0,800.0,2.0,1.0,0,0,1,0,0,0,laundry in bldg,unknown,41.6986,-87.7632,10.0
90112,2150.0,1500.0,3.0,1.0,0,0,0,0,0,0,laundry in bldg,detached garage,41.9543,-87.6575,5.0
90114,1679.0,1090.0,2.0,1.0,1,1,1,0,0,0,laundry in bldg,attached garage,41.9619,-87.655,5.0
90115,3300.0,2300.0,3.0,3.0,1,1,1,0,0,0,w/d in unit,attached garage,41.9324,-87.6672,5.0
90117,1000.0,900.0,2.0,1.0,1,0,0,0,0,0,no laundry on site,off-street parking,41.9319,-87.7674,8.0
90119,1550.0,926.0,2.0,1.5,1,1,1,0,0,0,laundry in bldg,off-street parking,42.0187,-87.6794,6.0
90121,1250.0,450.0,1.0,1.0,1,1,0,0,0,0,w/d in unit,off-street parking,41.9904,-87.6586,6.0
90123,1350.0,650.0,1.0,1.0,1,0,1,0,0,0,laundry in bldg,street parking,41.9746,-87.6553,0.0
90124,1200.0,800.0,1.0,1.0,1,1,1,0,0,0,laundry in bldg,attached garage,41.928,-87.6917,3.0
90125,1100.0,465.0,1.0,1.0,1,1,1,0,0,0,w/d in unit,street parking,42.0184,-87.682,6.0
90126,2350.0,1050.0,2.0,2.0,1,1,1,0,0,0,w/d in unit,unknown,41.9395,-87.6935,3.0
90127,1095.0,400.0,0.0,1.0,1,1,1,0,0,0,laundry in bldg,attached garage,41.9949,-87.6573,6.0
90128,2750.0,2800.0,3.0,3.0,0,0,0,0,0,0,w/d in unit,attached garage,41.8565,-87.6542,4.0
90129,1650.0,700.0,2.0,1.0,1,1,1,0,0,0,laundry in bldg,street parking,41.9909,-87.6629,6.0
90131,800.0,1200.0,3.0,1.0,0,0,0,0,0,0,no laundry on site,street parking,41.7959,-87.6223,7.0
90133,1175.0,900.0,1.0,1.0,0,0,1,0,0,0,laundry in bldg,street parking,41.9209,-87.7043,3.0
90134,2780.0,1460.0,2.0,2.5,0,0,1,0,0,0,unknown,unknown,41.8668,-87.6241,4.0
90135,1800.0,1280.0,2.0,1.0,0,0,1,0,0,0,w/d in unit,no parking,41.9282,-87.7107,3.0
90142,920.0,400.0,0.0,1.0,1,1,1,0,0,0,laundry in bldg,street parking,41.9399,-87.6528,5.0
90143,1100.0,800.0,3.0,1.0,0,0,1,0,0,0,no laundry on site,no parking,41.8146,-87.7054,2.0
90144,2790.0,660.0,1.0,1.0,0,0,0,0,0,1,w/d in unit,attached garage,41.89,-87.6305,1.0
90151,2990.0,600.0,1.0,1.0,1,1,0,0,0,1,laundry in bldg,attached garage,41.887,-87.6315,1.0
90154,1350.0,700.0,1.0,1.0,1,1,1,0,0,0,laundry in bldg,off-street parking,41.9033,-87.6336,1.0
90155,1300.0,700.0,1.0,1.0,1,1,1,0,0,0,laundry in bldg,street parking,41.9543,-87.6575,5.0
90156,2790.0,640.0,0.0,1.0,1,1,0,0,0,1,w/d in unit,attached garage,41.8854,-87.6428,1.0
90157,1150.0,750.0,1.0,1.0,1,0,1,0,0,0,laundry in bldg,off-street parking,41.9909,-87.6629,6.0
90158,1002.0,700.0,1.0,1.0,1,0,1,0,0,0,laundry in bldg,street parking,41.9909,-87.6629,6.0
90159,2790.0,518.0,1.0,1.0,1,1,0,0,0,1,w/d in unit,attached garage,41.8832,-87.6503,4.0
90160,1650.0,566.0,2.0,1.0,1,1,1,0,0,0,laundry in bldg,street parking,41.9909,-87.6629,6.0
90161,1595.0,1400.0,2.0,1.0,0,0,0,0,0,0,laundry in bldg,street parking,41.9719,-87.6624,0.0
90165,1975.0,998.0,2.0,1.0,0,0,0,0,0,0,w/d in unit,no parking,41.8911,-87.6576,9.0
90166,1375.0,750.0,1.0,1.0,1,1,1,0,0,0,laundry in bldg,street parking,41.9399,-87.6528,5.0
90167,1395.0,700.0,1.0,1.0,1,1,1,0,0,0,laundry in bldg,street parking,41.9399,-87.6528,5.0
90169,1650.0,900.0,2.0,1.0,1,1,1,0,0,0,laundry in bldg,street parking,41.9543,-87.6575,5.0
90170,1895.0,900.0,2.0,1.0,1,1,1,0,0,0,laundry in bldg,street parking,41.9033,-87.6336,1.0
90172,2095.0,1000.0,2.0,2.0,1,1,1,0,0,0,laundry in bldg,off-street parking,41.9033,-87.6336,1.0
90173,1550.0,900.0,2.0,1.0,1,1,1,0,0,0,laundry in bldg,street parking,41.9399,-87.6528,5.0
90176,1675.0,700.0,1.0,1.0,1,1,1,0,0,0,laundry in bldg,street parking,41.9209,-87.7043,3.0
90177,1100.0,1100.0,1.0,1.0,0,1,0,0,0,0,unknown,street parking,41.9073,-87.7072,3.0
90178,1510.0,700.0,1.0,1.0,1,1,1,0,0,0,laundry in bldg,street parking,41.9399,-87.6528,5.0
90182,2500.0,1400.0,3.0,2.0,0,0,1,0,0,0,laundry in bldg,off-street parking,41.9019,-87.6779,9.0
90183,1750.0,700.0,1.0,1.0,1,1,1,0,0,0,w/d in unit,off-street parking,41.9229,-87.6483,5.0
90185,1675.0,700.0,1.0,1.0,1,1,1,0,0,0,laundry in bldg,street parking,41.9399,-87.6528,5.0
90186,1395.0,700.0,1.0,1.0,1,1,1,0,0,0,laundry in bldg,street parking,41.9543,-87.6575,5.0
90187,1250.0,700.0,1.0,1.0,1,1,1,0,0,0,laundry in bldg,street parking,41.9399,-87.6528,5.0
90189,2000.0,2000.0,3.0,2.0,0,0,0,0,0,0,laundry in bldg,detached garage,41.8011,-87.6057,7.0
90194,966.0,900.0,3.0,2.0,0,0,1,1,0,0,w/d in unit,attached garage,41.8998,-87.6611,9.0
90197,2200.0,1100.0,2.0,2.0,0,0,0,0,0,0,w/d in unit,carport,41.9008,-87.6528,1.0
90198,1875.0,1200.0,2.0,1.0,0,0,1,0,0,0,laundry in bldg,off-street parking,41.9464,-87.7042,3.0
90203,1695.0,750.0,1.0,1.0,1,1,1,0,0,0,w/d in unit,street parking,41.8859,-87.6311,1.0
90204,1400.0,1150.0,2.0,1.0,0,0,1,0,0,0,laundry in bldg,street parking,41.8565,-87.6552,4.0
90205,985.0,600.0,1.0,1.0,1,1,1,0,0,0,laundry on site,street parking,42.0183,-87.6647,6.0
90207,2499.0,1600.0,2.0,2.0,0,0,1,0,0,1,w/d in unit,detached garage,41.9019,-87.6779,9.0
90208,2223.0,808.0,1.0,2.0,1,1,0,1,0,0,w/d in unit,attached garage,41.8868,-87.6475,1.0
90209,2808.0,1107.0,2.0,2.0,1,1,0,1,0,0,w/d in unit,attached garage,41.8868,-87.6475,1.0
90210,2052.0,808.0,1.0,1.0,1,1,0,1,0,0,w/d in unit,attached garage,41.889,-87.6475,1.0
90214,1525.0,800.0,2.0,1.0,1,1,1,0,0,0,laundry in bldg,street parking,41.9008,-87.6528,1.0
90215,1500.0,900.0,2.0,1.0,0,0,1,0,0,0,unknown,unknown,41.8973,-87.6557,9.0
90217,1750.0,729.0,2.0,1.0,1,1,1,0,0,0,laundry in bldg,off-street parking,41.9209,-87.7043,3.0
90218,2795.0,1400.0,3.0,2.0,1,0,1,0,0,0,laundry in bldg,street parking,41.9399,-87.6528,5.0
90219,1650.0,750.0,1.0,1.0,1,0,1,0,0,0,laundry in bldg,street parking,41.9229,-87.6483,5.0
90220,1425.0,700.0,1.0,1.0,1,1,1,0,0,0,laundry in bldg,street parking,41.9399,-87.6528,5.0
90221,1375.0,500.0,0.0,1.0,1,1,1,0,0,0,laundry in bldg,street parking,41.9033,-87.6336,1.0
90222,2600.0,1800.0,2.0,2.0,1,0,1,0,0,0,w/d in unit,detached garage,41.9399,-87.6528,5.0
90224,2450.0,1400.0,2.0,2.0,1,1,1,0,0,0,w/d in unit,street parking,41.9543,-87.6575,5.0
90225,1625.0,950.0,2.0,1.0,1,0,1,0,0,0,w/d in unit,street parking,41.9719,-87.6624,0.0
90226,2400.0,1400.0,2.0,2.0,0,0,1,0,0,0,w/d in unit,off-street parking,41.9909,-87.6629,6.0
90227,2395.0,1300.0,3.0,1.0,1,1,1,0,0,0,w/d in unit,detached garage,41.9703,-87.7042,0.0
90228,2285.0,870.0,1.0,1.0,1,1,1,0,0,0,w/d in unit,off-street parking,41.9543,-87.6575,5.0
90229,2247.0,1000.0,3.0,1.0,1,0,1,0,0,0,laundry in bldg,street parking,41.9399,-87.6528,5.0
90231,1725.0,1050.0,3.0,1.0,0,0,1,0,0,0,laundry in bldg,street parking,41.9543,-87.6575,5.0
90232,2350.0,1800.0,4.0,1.5,1,0,1,0,0,0,w/d in unit,street parking,41.9399,-87.6528,5.0
90233,2250.0,950.0,2.0,1.0,1,1,1,0,0,0,w/d in unit,street parking,41.9229,-87.6483,5.0
90234,3045.0,710.0,1.0,1.0,1,1,1,0,0,0,w/d in unit,off-street parking,41.9033,-87.6336,1.0
90235,1200.0,800.0,2.0,1.0,0,0,1,0,0,0,laundry in bldg,street parking,41.9522,-87.757,8.0
90237,2500.0,1646.0,2.0,2.0,0,0,1,0,0,0,laundry in bldg,valet parking,41.9914,-87.6553,6.0
90239,1695.0,750.0,1.0,1.0,1,1,1,0,0,0,w/d in unit,street parking,41.8814,-87.64299999999999,4.0
90240,2350.0,1400.0,2.0,2.0,1,1,1,0,0,0,w/d in unit,street parking,41.9543,-87.6575,5.0
90241,1625.0,1100.0,2.0,1.0,1,0,1,0,0,0,w/d in unit,street parking,41.9719,-87.6624,0.0
90242,1295.0,400.0,0.0,1.0,1,1,1,0,0,0,w/d in unit,street parking,41.9399,-87.6528,5.0
90244,1250.0,700.0,1.0,1.0,1,1,1,0,0,0,laundry in bldg,off-street parking,41.9453,-87.7474,8.0
90245,1325.0,700.0,1.0,1.0,1,1,1,0,0,0,laundry in bldg,street parking,41.9703,-87.7042,0.0
90246,2400.0,1400.0,2.0,2.0,0,0,1,0,0,0,w/d in unit,off-street parking,41.9909,-87.6629,6.0
90247,2000.0,1350.0,2.0,1.0,1,0,1,0,0,0,laundry in bldg,street parking,41.9105,-87.6847,9.0
90249,2350.0,1400.0,2.0,2.0,1,1,1,0,0,0,w/d in unit,street parking,41.9543,-87.6575,5.0
90250,1050.0,1500.0,3.0,2.0,1,0,1,0,0,0,no laundry on site,off-street parking,41.8831,-87.7507,3.0
90251,875.0,400.0,0.0,1.0,1,0,1,0,0,0,laundry in bldg,street parking,42.0192,-87.6733,6.0
90252,1100.0,1400.0,2.0,1.0,0,0,0,0,0,0,unknown,street parking,41.8782,-87.7111,3.0
90253,2400.0,2000.0,4.0,2.0,1,1,1,0,0,0,laundry in bldg,street parking,41.9229,-87.6483,5.0
90254,1290.0,1000.0,2.0,1.0,0,0,1,0,0,0,laundry in bldg,street parking,41.9378,-87.6963,3.0
90255,2000.0,1500.0,2.0,1.0,1,0,1,0,0,0,w/d in unit,off-street parking,41.9542,-87.7044,0.0
90257,2695.0,1100.0,2.0,2.0,1,1,1,0,0,0,w/d in unit,detached garage,41.9209,-87.7043,3.0
90259,2450.0,1200.0,2.0,1.0,1,1,1,0,0,0,w/d in unit,street parking,41.9209,-87.7043,3.0
90261,1650.0,900.0,1.0,1.0,1,0,1,0,0,0,laundry in bldg,street parking,41.9543,-87.6575,5.0
90262,1395.0,700.0,1.0,1.0,1,1,1,0,0,0,laundry in bldg,street parking,41.9399,-87.6528,5.0
90263,2375.0,1200.0,3.0,2.0,1,1,1,0,0,0,w/d in unit,street parking,41.8515,-87.6694,4.0
90264,2100.0,850.0,1.0,1.0,0,0,1,0,0,0,laundry in bldg,detached garage,41.8971,-87.6223,1.0
90267,1395.0,650.0,1.0,1.0,1,1,1,0,0,0,laundry in bldg,off-street parking,41.9399,-87.6528,5.0
90268,1995.0,895.0,2.0,2.0,1,1,1,0,0,0,laundry in bldg,street parking,41.9909,-87.6629,6.0
90269,1950.0,1800.0,3.0,2.0,1,0,1,0,0,0,w/d in unit,detached garage,42.0086,-87.6947,6.0
90270,1050.0,400.0,0.0,1.0,1,1,1,0,0,0,laundry in bldg,street parking,41.9399,-87.6528,5.0
90271,2600.0,1800.0,3.0,2.0,1,1,1,0,0,0,w/d in unit,off-street parking,41.9703,-87.7042,0.0
90272,2450.0,1200.0,2.0,1.0,1,1,1,0,0,0,w/d in unit,street parking,41.9209,-87.7043,3.0
90273,1450.0,950.0,2.0,1.0,1,1,1,0,0,0,w/d in unit,off-street parking,41.9445,-87.7454,8.0
90274,3095.0,1900.0,4.0,2.0,1,1,1,0,0,0,w/d in unit,street parking,41.9209,-87.7043,3.0
90275,1595.0,800.0,2.0,1.0,1,1,1,0,0,0,laundry in bldg,street parking,41.9019,-87.6779,9.0
90276,3250.0,1550.0,3.0,2.0,1,1,1,0,0,0,w/d in unit,street parking,41.9719,-87.6624,0.0
90277,1395.0,485.0,1.0,1.0,1,1,1,0,0,0,laundry in bldg,street parking,42.0095,-87.6689,6.0
90278,1295.0,480.0,1.0,1.0,1,1,1,0,0,0,laundry in bldg,street parking,42.0095,-87.6689,6.0
90279,2100.0,895.0,2.0,2.0,1,1,1,0,0,0,laundry in bldg,street parking,41.9909,-87.6629,6.0
90280,1475.0,850.0,2.0,2.0,1,1,0,0,0,0,laundry in bldg,detached garage,41.9472,-87.6674,5.0
90281,1500.0,570.0,1.0,1.0,1,1,1,0,0,0,laundry in bldg,off-street parking,41.9719,-87.6624,0.0
90282,1559.0,509.0,0.0,1.0,1,1,1,0,0,0,laundry in bldg,unknown,41.8911,-87.6177,1.0
90284,1140.0,800.0,1.0,1.0,1,1,1,0,0,0,laundry in bldg,detached garage,41.9796,-87.6847,0.0
90285,2850.0,1100.0,2.0,2.0,1,1,1,0,0,0,w/d in unit,detached garage,41.9209,-87.7043,3.0
90286,1095.0,500.0,0.0,1.0,1,1,1,0,0,0,laundry in bldg,street parking,41.9543,-87.6575,5.0
90287,1200.0,1500.0,3.0,1.0,0,0,0,0,0,0,no laundry on site,street parking,41.7681,-87.6123,7.0
90288,1840.0,700.0,1.0,1.0,1,1,1,0,0,0,w/d in unit,off-street parking,41.9229,-87.6483,5.0
90289,1075.0,400.0,0.0,1.0,1,1,1,0,0,0,laundry in bldg,street parking,41.9229,-87.6483,5.0
90290,2500.0,1400.0,2.0,1.0,1,1,1,0,0,0,w/d in unit,street parking,41.9719,-87.6624,0.0
90291,2025.0,1000.0,2.0,2.0,1,1,1,0,0,0,laundry in bldg,street parking,41.8426,-87.6306,4.0
90292,930.0,400.0,0.0,1.0,1,1,1,0,0,0,laundry in bldg,street parking,42.0091,-87.6683,6.0
90296,895.0,700.0,1.0,1.0,1,1,1,0,0,0,no laundry on site,off-street parking,42.0176,-87.6778,6.0
90298,1020.0,500.0,0.0,1.0,1,1,1,0,0,0,laundry in bldg,street parking,41.9412,-87.6447,5.0
90299,1944.0,950.0,2.0,1.5,1,1,1,0,0,0,laundry in bldg,off-street parking,41.9909,-87.6629,6.0
90300,2350.0,1300.0,3.0,1.0,1,1,1,0,0,0,laundry in bldg,street parking,41.9209,-87.7043,3.0
90302,1650.0,700.0,1.0,1.0,1,1,1,0,0,0,laundry in bldg,attached garage,41.9033,-87.6336,1.0
90303,2600.0,1800.0,3.0,2.0,1,1,1,0,0,0,w/d in unit,off-street parking,41.9703,-87.7042,0.0
90304,1600.0,518.0,0.0,1.0,1,1,1,1,0,1,laundry in bldg,attached garage,41.9488,-87.6437,5.0
90306,1134.0,400.0,0.0,1.0,1,1,1,0,0,0,laundry in bldg,off-street parking,41.9543,-87.6575,5.0
90307,2399.0,653.0,1.0,1.0,1,1,1,0,0,0,w/d in unit,attached garage,41.8814,-87.64299999999999,4.0
90310,1425.0,678.0,1.0,1.0,1,1,1,0,0,0,laundry in bldg,off-street parking,41.9209,-87.7043,3.0
90316,3095.0,1900.0,4.0,2.0,1,1,1,0,0,0,w/d in unit,street parking,41.9209,-87.7043,3.0
90317,1650.0,1000.0,2.0,1.0,1,0,1,0,0,0,w/d in unit,street parking,41.9719,-87.6624,0.0
90318,1500.0,1050.0,2.0,1.0,1,1,1,0,0,0,laundry in bldg,off-street parking,41.9501,-87.7166,8.0
90319,1350.0,950.0,2.0,1.0,0,1,1,0,0,0,laundry in bldg,street parking,41.9403,-87.71600000000002,3.0
90321,1375.0,1100.0,3.0,1.0,1,0,1,0,0,0,laundry in bldg,off-street parking,41.9202,-87.7535,8.0
90322,1510.0,700.0,1.0,1.0,1,1,1,0,0,0,laundry in bldg,street parking,41.9399,-87.6528,5.0
90325,1625.0,1000.0,2.0,1.0,1,0,0,0,0,0,laundry in bldg,off-street parking,41.9768,-87.6645,0.0
90330,1895.0,700.0,1.0,1.0,1,1,1,0,0,0,w/d in unit,street parking,41.9028,-87.6657,9.0
90331,3370.0,1217.0,2.0,2.0,1,1,0,0,0,0,w/d in unit,unknown,41.8971,-87.6223,1.0
90332,2650.0,1700.0,2.0,2.0,1,1,1,0,0,0,w/d in unit,detached garage,41.9019,-87.6779,9.0
90335,2895.0,1200.0,2.0,2.0,1,1,1,0,0,0,w/d in unit,off-street parking,41.9028,-87.6657,9.0
90338,1598.0,720.0,1.0,1.0,1,1,0,0,0,0,laundry in bldg,attached garage,41.9033,-87.6336,1.0
90341,2400.0,1600.0,3.0,2.0,1,1,1,0,0,1,w/d in unit,off-street parking,41.8956,-87.7067,3.0
90345,2799.0,1850.0,3.0,2.0,1,1,0,0,0,0,w/d in unit,unknown,41.949,-87.663,5.0
90347,1400.0,1000.0,2.0,2.0,1,1,1,0,0,0,w/d in unit,street parking,42.0086,-87.6947,6.0
90349,1750.0,1300.0,3.0,1.5,0,0,1,0,0,0,w/d hookups,street parking,41.993,-87.7596,8.0
90352,1600.0,1800.0,1.0,1.0,0,0,0,0,0,0,w/d in unit,street parking,41.9107,-87.6422,1.0
90353,2200.0,1000.0,2.0,1.0,1,1,1,0,0,0,w/d in unit,street parking,41.9176,-87.6836,9.0
90354,1275.0,480.0,1.0,1.0,1,1,1,0,0,0,laundry on site,street parking,42.0151,-87.6689,6.0
90355,2300.0,1000.0,3.0,1.0,1,1,1,0,0,0,w/d in unit,street parking,41.9176,-87.6836,9.0
90356,995.0,1000.0,1.0,1.0,0,0,1,0,0,0,laundry on site,street parking,41.9424,-87.7485,8.0
90360,3350.0,1800.0,3.0,2.0,1,1,0,0,0,0,w/d in unit,street parking,41.9129,-87.6935,3.0
90362,1795.0,1024.0,2.0,2.0,1,1,1,0,0,0,w/d in unit,off-street parking,41.9703,-87.7042,0.0
90363,2350.0,1200.0,3.0,2.0,1,1,1,0,0,0,w/d in unit,street parking,41.8515,-87.6694,4.0
90364,2500.0,1400.0,3.0,2.0,0,0,1,0,0,0,laundry in bldg,off-street parking,41.9019,-87.6779,9.0
90365,2350.0,824.0,2.0,1.0,1,1,1,0,0,0,w/d in unit,street parking,41.9537,-87.6548,5.0
90366,1000.0,650.0,2.0,1.0,1,1,0,0,0,0,laundry in bldg,street parking,41.8436,-87.6436,4.0
90367,2300.0,1100.0,2.0,2.0,0,1,1,1,0,0,w/d in unit,attached garage,41.9719,-87.6624,0.0
90368,2300.0,1250.0,2.0,2.0,0,0,1,0,0,0,w/d in unit,detached garage,41.9453,-87.7474,8.0
90369,1660.0,593.0,1.0,1.0,1,0,1,0,0,0,laundry in bldg,unknown,41.8818,-87.6427,4.0
90370,1540.0,900.0,2.0,1.0,0,0,1,0,0,0,laundry in bldg,street parking,41.9445,-87.6569,5.0
90372,1950.0,1800.0,3.0,2.0,1,0,1,0,0,0,w/d in unit,detached garage,42.0086,-87.6947,6.0
90373,1575.0,623.0,1.0,1.0,1,1,1,0,0,0,w/d in unit,street parking,41.9537,-87.6548,5.0
90374,1875.0,800.0,2.0,1.0,1,1,1,0,0,0,w/d in unit,street parking,41.8426,-87.6306,4.0
90375,2375.0,1200.0,3.0,2.0,1,1,1,0,0,0,w/d in unit,street parking,41.8515,-87.6694,4.0
90378,1850.0,1100.0,2.0,1.0,0,0,1,0,0,0,laundry in bldg,detached garage,41.9092,-87.6717,9.0
90379,820.0,1200.0,3.0,1.0,0,0,1,0,0,0,no laundry on site,street parking,41.7445,-87.5465,11.0
90380,925.0,400.0,0.0,1.0,1,0,1,0,0,0,laundry in bldg,off-street parking,41.9858,-87.65700000000002,6.0
90381,1800.0,850.0,1.0,1.0,1,1,1,0,0,0,w/d in unit,attached garage,41.8713,-87.6277,4.0
90383,2400.0,1700.0,2.0,1.0,1,1,1,0,0,1,laundry in bldg,detached garage,41.9257,-87.7121,3.0
90385,1420.0,740.0,2.0,1.0,1,1,1,0,0,0,laundry in bldg,street parking,41.9866,-87.6654,6.0
90386,1432.0,1100.0,2.0,1.0,1,1,1,0,0,0,laundry in bldg,street parking,41.9689,-87.6765,0.0
90387,2400.0,1700.0,2.0,1.0,1,1,1,0,0,0,laundry in bldg,detached garage,41.9257,-87.7121,3.0
90388,1465.0,900.0,2.0,1.0,1,1,1,0,0,0,laundry in bldg,street parking,41.9526,-87.666,5.0
90391,1525.0,800.0,2.0,1.0,1,1,1,0,0,0,laundry in bldg,street parking,41.9008,-87.6528,1.0
90392,1595.0,793.0,2.0,1.0,1,1,1,0,0,0,laundry in bldg,off-street parking,41.9209,-87.7043,3.0
90393,1595.0,1200.0,2.0,1.0,1,1,1,0,0,0,laundry in bldg,detached garage,41.9471,-87.6678,5.0
90394,1600.0,1400.0,2.0,1.0,1,1,1,0,0,0,laundry in bldg,street parking,41.9687,-87.6965,0.0
90395,1600.0,900.0,2.0,1.0,1,0,1,0,0,0,laundry in bldg,street parking,41.9233,-87.6896,3.0
90396,1650.0,1350.0,2.0,1.0,1,0,1,0,0,0,laundry in bldg,street parking,41.93600000000001,-87.676,5.0
90397,1500.0,1350.0,2.0,1.0,1,1,1,0,0,0,laundry in bldg,street parking,41.9619,-87.6527,5.0
90398,1495.0,732.0,2.0,1.0,1,1,1,0,0,0,laundry in bldg,street parking,42.0172,-87.6686,6.0
90399,1495.0,900.0,2.0,1.0,1,1,1,0,0,0,laundry in bldg,street parking,41.9632,-87.6888,0.0
90400,1495.0,700.0,2.0,1.0,1,1,1,0,0,0,w/d in unit,off-street parking,42.0193,-87.6722,6.0
90401,1495.0,950.0,2.0,1.0,1,0,1,0,0,0,w/d in unit,street parking,41.9667,-87.7073,0.0
90402,795.0,400.0,0.0,1.0,1,1,1,0,0,0,laundry in bldg,street parking,41.9653,-87.6712,0.0
90404,1225.0,600.0,1.0,1.0,1,1,1,0,0,0,laundry in bldg,street parking,41.9632,-87.6888,0.0
90407,1225.0,710.0,1.0,1.0,1,0,1,0,0,0,laundry in bldg,street parking,41.9614,-87.6936,0.0
90409,1195.0,850.0,1.0,1.0,1,0,1,0,0,0,laundry in bldg,street parking,41.9734,-87.6781,0.0
90410,1175.0,700.0,1.0,1.0,1,0,1,0,0,0,laundry in bldg,street parking,41.9749,-87.6602,0.0
90412,1150.0,600.0,1.0,1.0,1,0,1,0,0,0,laundry in bldg,street parking,41.9686,-87.6977,0.0
90413,1150.0,700.0,1.0,1.0,1,0,1,0,0,0,laundry in bldg,street parking,41.9833,-87.6897,0.0
90414,1140.0,800.0,1.0,1.0,1,1,1,0,0,0,laundry in bldg,detached garage,41.9796,-87.6847,0.0
90416,1125.0,750.0,1.0,1.0,1,0,1,0,0,0,laundry in bldg,off-street parking,41.9858,-87.65700000000002,6.0
90419,1002.0,700.0,1.0,1.0,1,0,1,0,0,0,laundry in bldg,street parking,41.9875,-87.6585,6.0
90420,1695.0,1000.0,2.0,1.0,1,0,1,0,0,0,laundry in bldg,street parking,41.951,-87.6579,5.0
90421,1730.0,1000.0,2.0,1.0,0,0,1,0,0,0,laundry in bldg,street parking,41.9467,-87.6472,5.0
90422,1750.0,1200.0,2.0,1.0,1,0,1,0,0,0,laundry in bldg,street parking,41.9543,-87.6774,0.0
90423,1350.0,1000.0,2.0,1.0,1,1,1,0,0,1,w/d hookups,detached garage,41.9209,-87.7043,3.0
90425,1750.0,729.0,2.0,1.0,1,1,1,0,0,0,laundry in bldg,off-street parking,41.9191,-87.71700000000001,3.0
90426,1640.0,1000.0,2.0,1.0,0,0,1,0,0,0,laundry on site,street parking,41.9354,-87.6524,5.0
90427,1850.0,1500.0,4.0,2.5,1,1,1,0,0,0,w/d in unit,street parking,41.9558,-87.7181,8.0
90430,900.0,700.0,1.0,1.0,0,0,1,0,0,0,laundry in bldg,street parking,41.9679,-87.74,8.0
90431,1595.0,1200.0,3.0,1.0,1,1,1,0,0,0,laundry in bldg,street parking,41.9682,-87.7219,8.0
90432,1425.0,900.0,2.0,1.0,1,0,1,0,0,0,laundry in bldg,street parking,41.9694,-87.7062,0.0
90433,2600.0,1200.0,3.0,2.0,1,1,1,0,0,0,laundry in bldg,street parking,41.9587,-87.6469,5.0
90435,995.0,400.0,0.0,1.0,1,1,1,0,0,0,laundry in bldg,street parking,41.9345,-87.6566,5.0
90436,2795.0,1400.0,3.0,2.0,1,0,1,0,0,0,laundry in bldg,street parking,41.9336,-87.6542,5.0
90437,1200.0,600.0,2.0,1.0,1,1,1,0,0,0,laundry in bldg,street parking,41.9493,-87.7668,8.0
90438,1310.0,700.0,1.0,1.0,1,0,1,0,0,0,laundry in bldg,street parking,41.9533,-87.6765,0.0
90439,2991.0,1000.0,2.0,2.0,1,0,1,0,0,0,laundry in bldg,off-street parking,41.904,-87.6301,1.0
90440,3095.0,1900.0,4.0,2.0,1,1,1,0,0,0,w/d in unit,street parking,41.9234,-87.6854,9.0
90441,1150.0,800.0,1.0,1.0,1,1,1,0,0,0,laundry in bldg,off-street parking,41.9544,-87.7492,8.0
90442,2400.0,1900.0,2.0,2.0,0,0,1,0,0,0,laundry in bldg,detached garage,41.9386,-87.6554,5.0
90444,1250.0,900.0,2.0,1.0,1,0,1,0,0,0,laundry in bldg,street parking,41.9604,-87.7573,8.0
90445,2350.0,1649.0,4.0,1.5,1,0,1,0,0,0,laundry on site,street parking,41.9368,-87.6446,5.0
90446,1320.0,500.0,0.0,1.0,1,1,1,0,0,0,w/d in unit,street parking,41.966,-87.6841,0.0
90457,2075.0,1300.0,2.0,2.0,1,1,0,0,0,0,w/d in unit,street parking,41.905,-87.6346,1.0
90463,930.0,700.0,0.0,1.0,1,1,1,0,0,0,w/d in unit,street parking,42.0151,-87.6686,6.0
90466,1800.0,1000.0,2.0,1.0,0,0,0,0,0,0,w/d in unit,off-street parking,41.9277,-87.6589,5.0
90467,2000.0,2000.0,3.0,2.0,0,0,0,0,0,0,laundry in bldg,detached garage,41.8011,-87.6057,7.0
90468,2400.0,850.0,1.0,1.0,1,1,1,0,0,0,w/d in unit,attached garage,41.8818,-87.6502,4.0
90469,2995.0,1200.0,2.0,2.0,1,1,0,1,0,0,w/d in unit,attached garage,41.9086,-87.62899999999998,1.0
90470,2425.0,1800.0,3.0,1.0,1,1,0,0,0,1,laundry in bldg,detached garage,41.9678,-87.685,0.0
90473,1375.0,1200.0,2.0,2.0,0,0,1,0,0,0,laundry on site,street parking,41.8783,-87.6995,9.0
90474,910.0,700.0,1.0,1.0,0,0,0,0,0,1,laundry in bldg,street parking,41.9586,-87.6533,5.0
90479,2950.0,1044.0,2.0,2.0,1,1,0,1,0,0,w/d in unit,attached garage,41.9474,-87.6545,5.0
90481,3167.0,1186.0,2.0,2.0,1,1,0,1,0,0,w/d in unit,attached garage,41.9474,-87.6545,5.0
90482,2596.0,872.0,1.0,1.0,1,1,0,1,0,0,w/d in unit,attached garage,41.9473,-87.6567,5.0
90483,2320.0,757.0,1.0,1.0,1,1,0,1,0,0,w/d in unit,attached garage,41.9474,-87.6545,5.0
90484,2541.0,763.0,1.0,1.0,1,1,0,1,0,0,w/d in unit,attached garage,41.9474,-87.6545,5.0
90485,2225.0,689.0,1.0,1.0,1,1,0,1,0,0,w/d in unit,attached garage,41.9474,-87.6545,5.0
90486,1960.0,501.0,0.0,1.0,1,1,0,1,0,0,w/d in unit,attached garage,41.9474,-87.6545,5.0
90487,3350.0,1010.0,2.0,2.0,1,1,0,1,0,0,w/d in unit,attached garage,41.8923,-87.6373,1.0
90488,3140.0,845.0,1.0,2.0,1,1,0,1,0,0,w/d in unit,attached garage,41.8964,-87.64,1.0
90489,2735.0,655.0,1.0,1.0,1,1,0,1,0,0,w/d in unit,attached garage,41.8964,-87.64,1.0
90491,2175.0,1250.0,2.0,1.0,0,0,0,0,0,0,w/d in unit,unknown,41.9399,-87.6572,5.0
90492,1300.0,658.0,0.0,1.0,0,0,0,0,0,0,laundry in bldg,no parking,41.8724,-87.6296,4.0
90494,1150.0,900.0,2.0,1.5,0,0,0,0,0,0,laundry in bldg,off-street parking,41.7044,-87.7737,10.0
90495,950.0,850.0,2.0,1.0,0,0,1,0,0,0,unknown,street parking,41.9462,-87.7446,8.0
90497,1650.0,1200.0,2.0,1.0,1,0,1,0,0,0,laundry in bldg,street parking,41.9485,-87.6453,5.0
90498,1800.0,785.0,1.0,1.0,0,0,1,0,0,0,laundry in bldg,off-street parking,41.9308,-87.6418,5.0
90499,2762.0,1104.0,2.0,2.0,1,1,1,1,0,0,w/d in unit,attached garage,41.8891,-87.6419,1.0
90500,1475.0,700.0,1.0,1.0,0,0,0,0,0,0,laundry in bldg,off-street parking,41.9297,-87.6434,5.0
90501,2250.0,1100.0,3.0,1.5,0,0,0,0,0,0,w/d in unit,street parking,41.8733,-87.6617,4.0
90502,1548.0,484.0,0.0,1.0,1,0,1,0,0,0,w/d in unit,unknown,41.8965,-87.6374,1.0
90503,1496.0,563.0,0.0,1.0,1,1,1,1,0,0,w/d in unit,attached garage,41.8885,-87.6429,1.0
90504,1450.0,1000.0,2.0,1.0,0,0,0,0,0,0,unknown,street parking,41.9464,-87.7042,3.0
90505,1500.0,1200.0,2.0,1.0,1,1,1,0,0,0,laundry in bldg,street parking,41.949,-87.7031,0.0
90506,1900.0,1200.0,2.0,1.0,0,0,0,0,0,0,laundry in bldg,detached garage,41.917,-87.7002,3.0
90507,2399.0,1500.0,1.0,2.0,1,1,0,0,0,0,w/d in unit,attached garage,41.9058,-87.6868,9.0
90508,3200.0,1450.0,2.0,2.0,1,1,1,0,0,0,w/d in unit,no parking,41.8845,-87.6278,1.0
90510,1850.0,1300.0,2.0,1.0,1,1,1,0,0,0,laundry in bldg,detached garage,41.9474,-87.6594,5.0
90512,1500.0,1400.0,2.0,1.0,1,0,1,0,0,0,laundry in bldg,street parking,41.9227,-87.6841,9.0
90513,3000.0,2000.0,4.0,2.0,0,0,0,0,0,0,w/d in unit,detached garage,41.9947,-87.6662,6.0
90514,975.0,1100.0,2.0,1.0,0,0,0,0,0,0,laundry on site,street parking,41.6916,-87.6082,11.0
90515,1165.0,700.0,1.0,1.0,1,1,1,0,0,0,laundry on site,street parking,41.9581,-87.6687,0.0
90517,1375.0,1120.0,2.0,1.0,1,1,0,0,1,0,w/d in unit,street parking,41.9931,-87.6717,6.0
90519,2400.0,1775.0,2.0,1.5,1,1,0,0,0,0,laundry in bldg,attached garage,41.9257,-87.6407,5.0
90520,1907.0,610.0,1.0,1.0,1,0,1,1,0,0,w/d in unit,attached garage,41.8891,-87.6419,1.0
90521,850.0,620.0,2.0,1.0,0,0,1,0,0,0,laundry in bldg,unknown,41.6686,-87.6754,10.0
90523,1400.0,1000.0,2.0,1.0,0,0,1,0,0,0,laundry in bldg,carport,41.9754,-87.7269,8.0
90526,1395.0,1100.0,2.0,1.0,1,1,0,0,0,0,laundry in bldg,street parking,41.9209,-87.7043,3.0
90530,1275.0,700.0,2.0,1.0,0,0,0,0,0,0,laundry in bldg,street parking,41.9445,-87.7232,8.0
90531,2175.0,900.0,1.0,1.0,1,1,0,1,0,0,w/d in unit,attached garage,41.8954,-87.6423,1.0
90534,1195.0,800.0,2.0,1.0,1,1,0,0,0,0,laundry in bldg,street parking,41.9386,-87.6855,0.0
90535,1600.0,1400.0,3.0,1.0,1,1,0,0,0,0,laundry in bldg,street parking,41.9386,-87.6854,0.0
90536,2300.0,850.0,1.0,1.5,1,1,0,0,0,0,w/d in unit,street parking,41.8866,-87.6454,1.0
90537,1800.0,750.0,2.0,1.0,1,1,0,0,0,0,w/d in unit,attached garage,41.8587,-87.6239,4.0
90538,1500.0,850.0,2.0,1.0,1,1,1,0,0,0,w/d in unit,off-street parking,41.8967,-87.6909,9.0
90541,2978.0,1151.0,2.0,2.0,1,1,0,1,0,0,w/d in unit,attached garage,41.8721,-87.6306,4.0
90542,2260.0,725.0,1.0,1.0,1,1,0,1,0,0,w/d in unit,attached garage,41.8722,-87.6307,4.0
90543,1761.0,636.0,0.0,1.0,1,1,0,1,0,0,w/d in unit,attached garage,41.8721,-87.6306,4.0
90544,1705.0,497.0,0.0,1.0,1,1,0,1,0,0,w/d in unit,attached garage,41.8722,-87.6307,4.0
90545,2350.0,1200.0,2.0,2.0,1,1,1,0,0,0,w/d in unit,detached garage,41.9455,-87.6702,5.0
90546,1900.0,1200.0,1.0,1.0,1,1,0,0,0,0,w/d in unit,attached garage,41.8912,-87.6623,9.0
90547,1779.0,739.0,1.0,1.0,1,1,0,1,1,0,laundry in bldg,attached garage,41.8935,-87.6181,1.0
90549,1470.0,1350.0,3.0,1.0,1,1,0,0,0,0,w/d in unit,off-street parking,41.9648,-87.7054,0.0
90550,1800.0,1300.0,3.0,1.0,1,1,1,0,0,0,w/d in unit,detached garage,41.9523,-87.6873,0.0
90552,2995.0,1300.0,2.0,2.0,1,1,1,0,0,0,w/d in unit,unknown,41.9008,-87.6528,1.0
90553,1795.0,875.0,3.0,1.0,1,1,1,0,0,0,laundry in bldg,unknown,41.9191,-87.7194,3.0
90555,1125.0,1000.0,1.0,1.0,1,0,0,0,0,0,w/d in unit,street parking,42.0095,-87.6689,6.0
90557,2745.0,1517.0,3.0,2.5,1,1,0,0,0,0,w/d in unit,attached garage,41.8657,-87.6242,4.0
90562,1100.0,1000.0,1.0,1.0,1,0,0,0,0,0,w/d in unit,street parking,42.0095,-87.6689,6.0
90572,1254.0,467.0,0.0,1.0,1,0,1,0,0,0,laundry in bldg,unknown,41.9033,-87.6336,1.0
90573,2380.0,860.0,1.0,1.0,1,1,1,1,1,1,w/d in unit,attached garage,41.8916,-87.6147,1.0
90574,2630.0,1800.0,3.0,2.0,1,1,1,0,0,0,w/d in unit,attached garage,41.9396,-87.7009,3.0
90578,2709.0,1195.0,2.0,2.0,1,0,0,0,0,0,laundry in bldg,unknown,41.9033,-87.6336,1.0
90593,2550.0,724.0,1.0,1.0,1,1,0,1,0,0,w/d in unit,attached garage,41.89100000000001,-87.6207,1.0
90594,2540.0,715.0,1.0,1.0,1,1,0,1,0,0,w/d in unit,attached garage,41.89100000000001,-87.6207,1.0
90596,2174.0,633.0,0.0,1.0,1,1,0,1,0,0,w/d in unit,attached garage,41.89100000000001,-87.6207,1.0
90600,1500.0,900.0,2.0,1.0,1,1,1,0,0,1,laundry in bldg,street parking,41.9209,-87.7043,3.0
90602,2650.0,968.0,2.0,2.0,1,1,0,1,0,0,laundry in bldg,attached garage,41.87300000000001,-87.6275,4.0
90603,2500.0,860.0,2.0,1.0,1,1,0,1,0,0,laundry in bldg,attached garage,41.87300000000001,-87.6275,4.0
90604,2595.0,1500.0,3.0,1.0,1,1,1,0,0,0,laundry in bldg,unknown,41.9229,-87.6483,5.0
90605,1965.0,724.0,1.0,1.0,1,1,0,1,0,0,laundry in bldg,attached garage,41.87300000000001,-87.6275,4.0
90606,1640.0,647.0,1.0,1.0,1,1,0,1,0,0,laundry in bldg,attached garage,41.8718,-87.6275,4.0
90607,2100.0,1300.0,3.0,1.0,1,1,1,0,0,0,laundry in bldg,attached garage,41.9223,-87.7024,3.0
90608,1200.0,750.0,1.0,1.0,1,1,1,0,0,0,laundry in bldg,no parking,41.9326,-87.6565,5.0
90609,1750.0,750.0,2.0,1.0,1,1,1,0,0,0,laundry in bldg,unknown,41.9191,-87.7194,3.0
90611,2100.0,1700.0,3.0,2.0,0,0,0,0,0,0,w/d in unit,detached garage,41.7759,-87.5891,7.0
90612,1495.0,850.0,2.0,1.0,0,0,1,0,0,0,laundry in bldg,off-street parking,41.9441,-87.6496,5.0
90614,2195.0,1800.0,3.0,1.0,1,1,1,0,0,0,w/d in unit,detached garage,41.9837,-87.6641,6.0
90615,1050.0,1000.0,2.0,1.0,0,0,0,0,0,0,w/d in unit,off-street parking,41.6533,-87.6805,10.0
90616,1895.0,1700.0,2.0,1.0,1,1,1,0,0,0,w/d in unit,detached garage,41.997,-87.6723,6.0
90617,1895.0,1700.0,2.0,1.0,1,1,1,0,0,0,w/d in unit,detached garage,41.997,-87.6723,6.0
90621,1075.0,750.0,0.0,1.0,1,0,1,1,0,0,laundry on site,no parking,41.9419,-87.6512,5.0
90622,2765.0,1072.0,2.0,2.0,1,1,0,1,0,0,w/d in unit,attached garage,41.8705,-87.6275,4.0
90626,1995.0,1700.0,3.0,2.0,1,1,1,0,0,0,w/d in unit,detached garage,41.9158,-87.7104,3.0
90629,1400.0,1000.0,2.0,1.0,0,1,0,0,0,0,w/d in unit,street parking,41.8594,-87.6674,4.0
90643,1375.0,1200.0,2.0,1.0,0,1,0,0,0,0,no laundry on site,street parking,41.9183,-87.7136,3.0
90644,1125.0,425.0,1.0,1.0,0,0,1,0,0,0,w/d in unit,unknown,41.9008,-87.6528,1.0
90645,1050.0,1000.0,3.0,1.0,1,0,1,0,0,0,w/d in unit,street parking,41.7462,-87.5537,11.0
90646,1000.0,900.0,1.0,1.0,1,1,1,0,0,0,laundry on site,street parking,41.926,-87.6647,5.0
90647,1695.0,1000.0,1.0,1.0,0,0,1,0,0,0,laundry in bldg,valet parking,41.9033,-87.6336,1.0
90648,1100.0,900.0,2.0,1.0,0,0,1,0,0,0,laundry in bldg,street parking,41.8246,-87.675,2.0
90649,1695.0,1000.0,2.0,1.0,0,0,1,0,0,0,laundry in bldg,off-street parking,41.9019,-87.6779,9.0
90650,1795.0,465.0,0.0,1.0,1,1,1,0,0,0,w/d in unit,attached garage,41.8858,-87.6181,1.0
90653,1600.0,800.0,2.0,1.0,1,1,1,0,0,0,laundry in bldg,unknown,41.9188,-87.6583,5.0
90657,3014.0,1305.0,3.0,2.0,1,1,0,0,0,0,w/d in unit,attached garage,41.8561,-87.6255,4.0
90660,1075.0,750.0,0.0,1.0,1,1,0,0,0,0,laundry in bldg,detached garage,41.9384,-87.64200000000002,5.0
90661,1790.0,627.0,1.0,1.0,1,1,0,1,0,0,w/d in unit,attached garage,41.8722,-87.6276,4.0
90663,1700.0,1100.0,2.0,1.0,1,1,0,0,0,0,laundry in bldg,detached garage,41.9611,-87.7071,0.0
90664,1375.0,750.0,2.0,1.0,1,1,1,0,0,0,laundry on site,street parking,41.9707,-87.6794,0.0
90665,1370.0,550.0,0.0,1.0,0,0,1,0,0,0,laundry in bldg,attached garage,41.91,-87.6316,1.0
90670,1835.0,569.0,1.0,1.0,0,0,1,0,0,0,unknown,attached garage,41.8685,-87.6664,4.0
90671,1450.0,557.0,1.0,1.0,0,0,0,0,0,0,laundry in bldg,street parking,41.9017,-87.6673,9.0
90672,1880.0,2200.0,4.0,2.0,0,0,1,0,0,0,no laundry on site,detached garage,42.0095,-87.6955,6.0
90675,1800.0,1600.0,3.0,2.0,1,1,0,0,0,0,w/d in unit,off-street parking,41.9514,-87.7044,0.0
90681,1850.0,1000.0,2.0,1.0,1,0,0,0,0,0,laundry in bldg,street parking,41.9405,-87.6799,0.0
90686,2300.0,2200.0,4.0,2.0,1,1,0,0,0,0,w/d in unit,street parking,41.9224,-87.70700000000002,3.0
90697,1800.0,1500.0,3.0,1.0,0,0,0,0,0,0,w/d in unit,unknown,41.8984,-87.6895,9.0
90698,3000.0,2500.0,3.0,2.5,0,1,1,0,0,0,w/d in unit,unknown,41.8943,-87.6657,9.0
90699,1800.0,1500.0,3.0,1.5,0,1,1,0,0,0,w/d in unit,off-street parking,41.9102,-87.697,3.0
90700,1600.0,1000.0,2.0,1.0,0,1,1,0,0,0,w/d in unit,off-street parking,41.9058,-87.6971,3.0
90707,2750.0,1150.0,1.0,1.0,1,1,1,0,0,0,laundry in bldg,street parking,41.9049,-87.6261,1.0
90708,850.0,1200.0,1.0,1.0,1,0,1,0,0,0,no laundry on site,off-street parking,41.7411,-87.6543,7.0
90711,1400.0,1100.0,3.0,1.0,0,0,1,0,0,0,no laundry on site,no parking,41.8996,-87.7521,3.0
90715,900.0,400.0,0.0,1.0,0,0,0,0,0,0,laundry on site,street parking,41.9918,-87.74799999999998,8.0
90716,2951.0,798.0,1.0,1.0,1,1,0,1,0,0,w/d in unit,attached garage,41.8924,-87.6343,1.0
90717,2000.0,2000.0,3.0,2.0,0,0,0,0,0,0,laundry in bldg,detached garage,41.8011,-87.6057,7.0
90721,2643.0,879.0,1.0,1.0,1,1,0,1,0,0,w/d in unit,attached garage,41.8859,-87.6245,1.0
90722,2293.0,860.0,1.0,1.0,1,1,0,1,0,0,w/d in unit,attached garage,41.8859,-87.6245,1.0
90723,2134.0,645.0,1.0,1.0,1,1,0,1,0,0,w/d in unit,attached garage,41.8859,-87.6245,1.0
90724,1781.0,540.0,0.0,1.0,1,1,0,1,0,0,w/d in unit,attached garage,41.8859,-87.6245,1.0
90725,950.0,850.0,2.0,1.0,1,0,1,0,0,0,unknown,street parking,41.8963,-87.7188,3.0
90727,2290.0,713.0,1.0,1.0,1,1,0,1,0,0,w/d in unit,attached garage,41.894,-87.6343,1.0
90728,1400.0,1100.0,2.0,1.0,0,0,0,0,0,1,laundry in bldg,street parking,41.9453,-87.7474,8.0
90732,950.0,700.0,1.0,1.0,1,1,1,0,0,0,no laundry on site,off-street parking,42.0176,-87.6778,6.0
90734,1500.0,1200.0,3.0,1.0,0,0,0,0,0,0,unknown,street parking,41.8144,-87.6409,7.0
90736,2882.0,821.0,1.0,1.0,1,1,0,1,0,0,w/d in unit,attached garage,41.8932,-87.6343,1.0
90737,1750.0,1200.0,2.0,1.0,1,1,1,0,0,0,w/d in unit,detached garage,41.9433,-87.6723,5.0
90740,1800.0,2000.0,3.0,2.0,0,0,1,0,0,0,w/d in unit,detached garage,41.7766,-87.6012,7.0
90743,1250.0,750.0,2.0,1.0,0,0,0,0,0,0,no laundry on site,street parking,41.9611,-87.7159,8.0
90744,2296.0,720.0,1.0,1.0,1,1,0,1,0,0,w/d in unit,attached garage,41.8924,-87.6343,1.0
90747,1300.0,1100.0,3.0,1.0,0,0,1,0,0,0,unknown,unknown,41.6546,-87.675,10.0
90750,1000.0,1040.0,2.0,2.0,1,1,1,0,0,0,w/d in unit,attached garage,41.9719,-87.6624,0.0
90752,2400.0,1800.0,4.0,1.5,1,1,1,0,0,1,w/d in unit,carport,41.9396,-87.6772,5.0
90754,2200.0,850.0,1.0,1.0,1,1,1,0,0,1,laundry in bldg,unknown,41.8764,-87.6476,4.0
90760,2752.0,1202.0,2.0,2.0,1,1,0,1,0,0,w/d in unit,attached garage,41.8722,-87.6276,4.0
90761,2825.0,1010.0,2.0,2.0,1,1,1,0,0,0,w/d in unit,attached garage,41.8816,-87.6597,4.0
90762,2051.0,597.0,0.0,1.0,1,1,0,1,0,0,w/d in unit,attached garage,41.8924,-87.6343,1.0
90763,1922.0,452.0,0.0,1.0,1,1,0,1,0,0,w/d in unit,attached garage,41.8932,-87.6343,1.0
90767,3056.0,1200.0,2.0,2.0,1,1,0,1,0,0,w/d in unit,attached garage,41.8984,-87.6283,1.0
90770,2684.0,870.0,1.0,1.0,1,1,0,1,0,0,w/d in unit,attached garage,41.8984,-87.6283,1.0
90771,2507.0,770.0,1.0,1.0,1,1,0,1,0,0,w/d in unit,attached garage,41.8979,-87.6315,1.0
90772,1796.0,540.0,0.0,1.0,1,1,0,1,0,0,w/d in unit,attached garage,41.8984,-87.6283,1.0
90774,1000.0,1200.0,2.0,1.0,0,0,1,0,0,0,laundry in bldg,street parking,41.69600000000001,-87.6123,11.0
90775,1650.0,850.0,1.0,1.0,1,0,0,0,0,0,w/d in unit,detached garage,41.9569,-87.6514,5.0
90781,750.0,650.0,1.0,1.0,0,0,1,0,0,0,no laundry on site,no parking,41.7925,-87.6222,7.0
90782,1450.0,850.0,1.0,1.0,0,0,0,0,0,0,laundry in bldg,detached garage,41.9495,-87.6726,0.0
90787,850.0,900.0,1.0,1.0,1,1,1,1,0,0,unknown,unknown,41.9225,-87.6597,5.0
90793,2280.0,900.0,2.0,1.0,1,1,0,0,0,0,w/d in unit,attached garage,41.8587,-87.6239,4.0
90801,3065.0,1460.0,2.0,2.5,0,0,1,0,0,0,unknown,unknown,41.8668,-87.6241,4.0
90802,2200.0,1000.0,2.0,1.5,0,0,0,0,0,0,w/d in unit,street parking,41.9099,-87.669,9.0
90803,1710.0,565.0,0.0,1.0,1,1,0,0,0,0,w/d in unit,attached garage,41.9634,-87.6777,0.0
90804,2425.0,760.0,1.0,1.0,1,1,0,1,0,0,w/d in unit,attached garage,41.9645,-87.6558,5.0
90805,2840.0,1435.0,2.0,2.0,1,1,0,1,0,0,w/d in unit,attached garage,41.9634,-87.6777,0.0
90810,2376.0,1177.0,2.0,2.0,1,1,0,0,0,0,w/d in unit,attached garage,41.8561,-87.6255,4.0
90812,2000.0,1000.0,2.0,2.0,1,1,0,0,0,0,w/d in unit,off-street parking,41.8566,-87.6498,4.0
90815,1700.0,800.0,1.0,1.0,0,0,1,0,0,0,w/d in unit,street parking,41.9019,-87.6779,9.0
90818,825.0,980.0,2.0,1.0,0,0,1,0,0,0,laundry in bldg,off-street parking,41.762,-87.5703,11.0
90819,1600.0,1100.0,3.0,1.0,0,0,1,0,0,0,no laundry on site,off-street parking,41.9103,-87.6912,9.0
90826,1400.0,1100.0,1.0,1.0,1,0,0,0,0,0,laundry in bldg,detached garage,41.909,-87.6654,9.0
90828,2050.0,900.0,2.0,1.0,0,0,0,0,0,0,w/d in unit,attached garage,41.8426,-87.6306,4.0
90838,1300.0,800.0,2.0,1.0,0,0,0,0,0,0,laundry in bldg,off-street parking,41.9464,-87.7042,3.0
90841,1700.0,1600.0,2.0,1.0,1,1,0,0,0,0,laundry in bldg,street parking,41.9161,-87.7026,3.0
90852,1500.0,1000.0,2.0,1.0,1,0,0,0,0,0,laundry in bldg,street parking,41.9017,-87.6822,9.0
90855,3050.0,1319.0,2.0,2.0,1,1,0,1,0,0,w/d in unit,attached garage,41.8722,-87.6307,4.0
90856,2780.0,1262.0,2.0,2.0,1,1,0,1,0,0,w/d in unit,attached garage,41.8722,-87.6307,4.0
90857,2058.0,963.0,1.0,1.5,1,1,0,1,0,0,w/d in unit,attached garage,41.8721,-87.6306,4.0
90858,2069.0,886.0,1.0,1.5,1,1,0,1,0,0,w/d in unit,attached garage,41.8721,-87.6306,4.0
90859,2000.0,735.0,1.0,1.0,1,1,0,1,0,0,w/d in unit,attached garage,41.8722,-87.6307,4.0
90862,2538.0,800.0,1.0,1.0,1,1,0,1,0,0,w/d in unit,attached garage,41.9085,-87.6485,1.0
90863,2025.0,715.0,1.0,1.0,1,1,0,1,0,0,w/d in unit,attached garage,41.9085,-87.6485,1.0
90864,1200.0,1350.0,3.0,2.0,0,0,1,0,0,0,w/d hookups,off-street parking,41.8588,-87.7104,2.0
90866,1025.0,995.0,1.0,1.0,1,1,1,0,0,0,unknown,off-street parking,41.9267,-87.7064,3.0
90867,1650.0,1200.0,2.0,1.0,1,1,1,0,0,0,laundry in bldg,street parking,41.9019,-87.6779,9.0
90879,1300.0,563.0,0.0,1.0,1,1,0,1,0,0,laundry in bldg,unknown,41.8943,-87.617,1.0
90884,1500.0,1500.0,2.0,1.0,0,0,1,0,0,0,w/d in unit,street parking,41.8955,-87.6614,9.0
90896,1260.0,500.0,1.0,1.0,1,1,1,0,0,0,w/d in unit,attached garage,41.9806,-87.6576,6.0
90899,1550.0,700.0,1.0,1.0,1,0,0,0,0,0,w/d in unit,street parking,41.913,-87.6753,9.0
90901,2000.0,1000.0,2.0,1.0,1,1,1,0,0,0,laundry on site,street parking,41.9068,-87.6349,1.0
90902,2165.0,800.0,1.0,1.0,1,1,0,0,0,0,w/d in unit,no parking,41.9034,-87.6676,9.0
90906,1600.0,1200.0,2.0,1.0,0,0,1,0,1,0,laundry in bldg,off-street parking,41.9192,-87.7121,3.0
90911,1725.0,1200.0,2.0,2.0,1,1,0,0,0,0,w/d in unit,detached garage,42.0079,-87.6709,6.0
90920,1600.0,1000.0,3.0,1.0,0,0,0,0,0,0,w/d in unit,off-street parking,41.9201,-87.6929,3.0
90923,1600.0,1000.0,2.0,1.0,0,1,1,0,0,0,w/d in unit,off-street parking,41.9058,-87.6971,3.0
90929,1450.0,900.0,2.0,1.0,0,0,1,0,0,0,laundry in bldg,street parking,41.9535,-87.7327,8.0
90930,875.0,900.0,1.0,1.0,0,0,1,0,0,0,no laundry on site,street parking,41.7281,-87.6069,11.0
90932,3000.0,2500.0,3.0,2.5,0,1,1,0,0,0,w/d in unit,unknown,41.8943,-87.6657,9.0
90935,1800.0,1500.0,3.0,1.5,0,0,1,0,0,0,w/d in unit,off-street parking,41.9102,-87.697,3.0
90936,1650.0,1250.0,0.0,1.0,1,1,1,0,0,0,unknown,unknown,41.8956,-87.70299999999997,3.0
90937,1800.0,1500.0,3.0,1.0,0,0,0,0,0,0,w/d in unit,unknown,41.8984,-87.6895,9.0
90938,1250.0,1100.0,2.0,1.0,0,0,0,0,0,0,laundry in bldg,street parking,41.9768,-87.6992,0.0
90940,1500.0,800.0,2.0,1.0,0,0,0,0,0,0,laundry in bldg,off-street parking,41.8693,-87.6632,4.0
90941,2000.0,2000.0,3.0,2.0,0,0,0,0,0,0,laundry in bldg,detached garage,41.8011,-87.6057,7.0
90953,2300.0,1555.0,3.0,2.5,1,1,0,0,0,0,w/d in unit,carport,41.9391,-87.7163,3.0
90956,1370.0,550.0,0.0,1.0,0,0,1,0,0,0,laundry in bldg,attached garage,41.91,-87.6316,1.0
90970,3246.0,750.0,1.0,1.0,1,1,0,1,0,0,w/d in unit,attached garage,41.9039,-87.6346,1.0
90971,2480.0,615.0,1.0,1.0,1,1,0,1,0,0,w/d in unit,attached garage,41.9039,-87.6346,1.0
90972,2218.0,515.0,0.0,1.0,1,1,0,1,0,0,w/d in unit,attached garage,41.9039,-87.6346,1.0
90974,1700.0,1500.0,2.0,1.0,1,0,1,0,0,0,laundry on site,off-street parking,42.0046,-87.6646,6.0
90976,1750.0,1200.0,2.0,1.0,1,1,0,0,0,0,laundry on site,detached garage,41.9326,-87.7209,3.0
90977,1150.0,1000.0,2.0,1.0,1,1,0,0,0,0,laundry in bldg,detached garage,41.9326,-87.7209,3.0
90980,2075.0,750.0,1.0,1.0,0,0,0,1,0,0,w/d in unit,valet parking,41.8877,-87.6282,1.0
90983,1875.0,1600.0,2.0,1.0,1,0,0,0,0,0,w/d in unit,detached garage,41.9377,-87.7149,3.0
90987,2200.0,700.0,1.0,1.0,0,0,0,0,0,1,w/d in unit,no parking,41.8767,-87.64399999999998,4.0
90994,2750.0,1460.0,2.0,2.5,0,0,1,0,0,0,unknown,unknown,41.8668,-87.6241,4.0
90996,910.0,700.0,1.0,1.0,1,0,1,0,0,0,laundry in bldg,unknown,41.962,-87.7206,8.0
90998,1800.0,1200.0,2.0,1.0,1,1,1,0,0,0,w/d in unit,off-street parking,41.9209,-87.7043,3.0
91001,890.0,850.0,1.0,1.0,1,1,1,0,0,0,no laundry on site,street parking,41.7771,-87.70200000000001,2.0
91003,1798.0,600.0,0.0,1.0,1,1,1,0,0,0,unknown,attached garage,41.887,-87.6264,1.0
91011,2195.0,1100.0,2.0,2.0,0,0,1,0,0,0,w/d in unit,street parking,41.9398,-87.6567,5.0
91013,2800.0,2000.0,3.0,2.5,0,0,0,0,0,0,w/d in unit,carport,41.9399,-87.6528,5.0
91016,1500.0,1200.0,2.0,1.0,1,1,1,0,0,0,laundry in bldg,street parking,41.949,-87.7031,0.0
91018,1664.0,607.0,0.0,1.0,1,1,1,0,0,0,unknown,attached garage,41.8923,-87.6373,1.0
91019,1603.0,508.0,0.0,1.0,1,1,1,0,0,0,unknown,attached garage,41.9033,-87.6336,1.0
91025,850.0,750.0,2.0,1.0,0,0,0,0,0,0,laundry in bldg,street parking,41.8093,-87.7052,2.0
91027,980.0,700.0,1.0,1.0,1,0,1,0,0,0,w/d in unit,street parking,41.9972,-87.7166,6.0
91033,1500.0,650.0,1.0,1.0,0,0,0,0,0,1,laundry in bldg,street parking,41.938,-87.6565,5.0
91034,1800.0,1250.0,2.0,1.0,0,0,0,0,0,1,laundry in bldg,street parking,41.9381,-87.6565,5.0
91035,1600.0,1400.0,3.0,1.5,0,0,0,0,0,0,laundry in bldg,street parking,41.9699,-87.7603,8.0
91037,1100.0,800.0,2.0,1.0,0,0,0,1,0,0,laundry in bldg,off-street parking,41.6743,-87.7107,10.0
91044,1500.0,800.0,2.0,1.0,0,0,0,0,0,0,laundry in bldg,off-street parking,41.8693,-87.6632,4.0
91045,3225.0,830.0,1.0,1.0,1,1,0,1,0,0,w/d in unit,attached garage,41.9039,-87.6346,1.0
91050,1125.0,1000.0,1.0,1.0,1,1,1,0,0,0,unknown,unknown,42.0027,-87.6709,6.0
91052,1660.0,585.0,1.0,1.0,1,0,1,0,0,1,laundry in bldg,no parking,41.9019,-87.6301,1.0
91062,1235.0,1100.0,1.0,1.0,1,1,1,0,0,0,laundry in bldg,off-street parking,41.9477,-87.6436,5.0
91064,1175.0,650.0,1.0,1.0,1,1,0,0,0,0,w/d in unit,street parking,42.0067,-87.6718,6.0
91066,450.0,700.0,1.0,1.0,0,0,0,0,0,1,laundry in bldg,street parking,41.8079,-87.6417,7.0
91067,2000.0,751.0,1.0,1.0,1,1,0,1,0,1,w/d in unit,attached garage,41.877,-87.6243,4.0
91068,1725.0,1200.0,2.0,2.0,1,1,0,0,0,0,w/d in unit,detached garage,42.0079,-87.6709,6.0
91069,2745.0,1517.0,3.0,2.5,1,1,0,0,0,0,w/d in unit,attached garage,41.8657,-87.6242,4.0
91072,2531.0,858.0,1.0,1.0,1,1,0,1,0,0,w/d in unit,attached garage,41.8722,-87.6307,4.0
91073,2278.0,736.0,1.0,1.0,1,1,0,1,0,0,w/d in unit,attached garage,41.8722,-87.6307,4.0
91075,3037.0,1179.0,2.0,2.0,1,1,0,1,0,0,w/d in unit,attached garage,41.9085,-87.6495,1.0
91076,2234.0,819.0,1.0,1.0,1,1,0,1,0,0,w/d in unit,attached garage,41.9085,-87.6495,1.0
91077,2064.0,752.0,1.0,1.0,1,1,0,1,0,0,w/d in unit,attached garage,41.9085,-87.6495,1.0
91078,1934.0,614.0,0.0,1.0,1,1,0,1,0,0,w/d in unit,attached garage,41.9085,-87.6495,1.0
91079,1694.0,546.0,0.0,1.0,1,1,0,1,0,0,w/d in unit,attached garage,41.9085,-87.6495,1.0
91081,1925.0,794.0,1.0,1.0,1,1,0,1,0,0,w/d in unit,attached garage,41.8671,-87.6273,4.0
91083,1400.0,1100.0,2.0,1.0,1,1,1,0,0,1,laundry in bldg,street parking,41.9471,-87.6681,5.0
91084,1575.0,1200.0,2.0,1.0,1,1,0,0,0,0,laundry in bldg,detached garage,41.9472,-87.6674,5.0
91085,1350.0,950.0,3.0,1.0,0,0,0,0,0,0,laundry on site,street parking,42.0086,-87.6947,6.0
91086,2040.0,1050.0,2.0,1.5,1,1,0,1,0,0,w/d in unit,detached garage,41.984,-87.6555,6.0
91087,1250.0,450.0,1.0,1.0,1,1,0,0,0,0,laundry in bldg,street parking,41.9756,-87.6553,0.0
91089,2576.0,2000.0,3.0,2.0,1,1,1,0,0,0,w/d in unit,off-street parking,41.9719,-87.6624,0.0
91100,1150.0,2000.0,1.0,1.0,0,0,0,0,0,0,w/d in unit,off-street parking,41.8196,-87.6126,7.0
91106,1350.0,1750.0,3.0,1.5,0,0,0,0,0,0,w/d in unit,street parking,41.8196,-87.6126,7.0
91113,900.0,400.0,0.0,1.0,0,0,0,0,0,0,laundry on site,street parking,41.9918,-87.74799999999998,8.0
91114,2000.0,2000.0,3.0,2.0,0,0,0,0,0,0,laundry in bldg,detached garage,41.8011,-87.6057,7.0
91115,2300.0,850.0,1.0,1.0,0,0,1,0,0,0,laundry on site,no parking,41.8923,-87.6373,1.0
91116,850.0,700.0,1.0,1.0,1,0,1,0,0,0,unknown,street parking,41.9202,-87.7535,8.0
